{
  "original_uri": "http://blog.europython.eu/post/170649247077/europython-2018-getting-ready%0A",
  "self": "https://memgator.cs.odu.edu/timemap/json/http://blog.europython.eu/post/170649247077/europython-2018-getting-ready%0A",
  "mementos": {
    "list": [
      {
        "datetime": "2018-02-10T13:28:22Z",
        "uri": "http://web.archive.org/web/20180210132822/https://blog.europython.eu/post/170649247077/europython-2018-getting-ready"
      },
      {
        "datetime": "2018-02-10T13:28:22Z",
        "uri": "http://web.archive.org/web/20180210132822/http://blog.europython.eu/post/170649247077/europython-2018-getting-ready"
      },
      {
        "datetime": "2018-02-11T00:13:54Z",
        "uri": "http://web.archive.org/web/20180211001354/http://blog.europython.eu/post/170649247077/europython-2018-getting-ready"
      },
      {
        "datetime": "2018-02-11T00:13:55Z",
        "uri": "http://web.archive.org/web/20180211001355/https://blog.europython.eu/post/170649247077/europython-2018-getting-ready"
      }
    ],
    "first": {
      "datetime": "2018-02-10T13:28:22Z",
      "uri": "http://web.archive.org/web/20180210132822/https://blog.europython.eu/post/170649247077/europython-2018-getting-ready"
    },
    "last": {
      "datetime": "2018-02-11T00:13:55Z",
      "uri": "http://web.archive.org/web/20180211001355/https://blog.europython.eu/post/170649247077/europython-2018-getting-ready"
    }
  },
  "timemap_uri": {
    "link_format": "https://memgator.cs.odu.edu/timemap/link/http://blog.europython.eu/post/170649247077/europython-2018-getting-ready%0A",
    "json_format": "https://memgator.cs.odu.edu/timemap/json/http://blog.europython.eu/post/170649247077/europython-2018-getting-ready%0A",
    "cdxj_format": "https://memgator.cs.odu.edu/timemap/cdxj/http://blog.europython.eu/post/170649247077/europython-2018-getting-ready%0A"
  },
  "timegate_uri": "https://memgator.cs.odu.edu/timegate/http://blog.europython.eu/post/170649247077/europython-2018-getting-ready%0A"
}
