{
  "original_uri": "https://medium.com/@meganrisdal/learning-to-analyze-huge-bigquery-datasets-using-python-on-kaggle-2c6c6153f542%0A",
  "self": "https://memgator.cs.odu.edu/timemap/json/https://medium.com/@meganrisdal/learning-to-analyze-huge-bigquery-datasets-using-python-on-kaggle-2c6c6153f542%0A",
  "mementos": {
    "list": [
      {
        "datetime": "2018-02-04T20:07:03Z",
        "uri": "http://web.archive.org/web/20180204200703/https://medium.com/@meganrisdal/learning-to-analyze-huge-bigquery-datasets-using-python-on-kaggle-2c6c6153f542"
      },
      {
        "datetime": "2018-02-04T21:53:30Z",
        "uri": "http://web.archive.org/web/20180204215330/https://medium.com/@meganrisdal/learning-to-analyze-huge-bigquery-datasets-using-python-on-kaggle-2c6c6153f542"
      }
    ],
    "first": {
      "datetime": "2018-02-04T20:07:03Z",
      "uri": "http://web.archive.org/web/20180204200703/https://medium.com/@meganrisdal/learning-to-analyze-huge-bigquery-datasets-using-python-on-kaggle-2c6c6153f542"
    },
    "last": {
      "datetime": "2018-02-04T21:53:30Z",
      "uri": "http://web.archive.org/web/20180204215330/https://medium.com/@meganrisdal/learning-to-analyze-huge-bigquery-datasets-using-python-on-kaggle-2c6c6153f542"
    }
  },
  "timemap_uri": {
    "link_format": "https://memgator.cs.odu.edu/timemap/link/https://medium.com/@meganrisdal/learning-to-analyze-huge-bigquery-datasets-using-python-on-kaggle-2c6c6153f542%0A",
    "json_format": "https://memgator.cs.odu.edu/timemap/json/https://medium.com/@meganrisdal/learning-to-analyze-huge-bigquery-datasets-using-python-on-kaggle-2c6c6153f542%0A",
    "cdxj_format": "https://memgator.cs.odu.edu/timemap/cdxj/https://medium.com/@meganrisdal/learning-to-analyze-huge-bigquery-datasets-using-python-on-kaggle-2c6c6153f542%0A"
  },
  "timegate_uri": "https://memgator.cs.odu.edu/timegate/https://medium.com/@meganrisdal/learning-to-analyze-huge-bigquery-datasets-using-python-on-kaggle-2c6c6153f542%0A"
}
