{
  "original_uri": "http://streaming.pro-fhi.net/Panoramix-RadioStation%0A",
  "self": "https://memgator.cs.odu.edu/timemap/json/http://streaming.pro-fhi.net/Panoramix-RadioStation%0A",
  "mementos": {
    "list": [
      {
        "datetime": "2018-01-18T00:51:25Z",
        "uri": "http://web.archive.org/web/20180118005125/http://streaming.pro-fhi.net/Panoramix-RadioStation"
      },
      {
        "datetime": "2018-01-18T00:51:27Z",
        "uri": "http://web.archive.org/web/20180118005127/http://streaming.pro-fhi.net/Panoramix-RadioStation"
      },
      {
        "datetime": "2018-01-18T03:09:01Z",
        "uri": "http://web.archive.org/web/20180118030901/http://streaming.pro-fhi.net/Panoramix-RadioStation"
      },
      {
        "datetime": "2018-01-18T20:31:51Z",
        "uri": "http://web.archive.org/web/20180118203151/http://streaming.pro-fhi.net/Panoramix-RadioStation"
      },
      {
        "datetime": "2018-01-19T02:47:06Z",
        "uri": "http://web.archive.org/web/20180119024706/http://streaming.pro-fhi.net/Panoramix-RadioStation"
      },
      {
        "datetime": "2018-01-19T02:47:22Z",
        "uri": "http://web.archive.org/web/20180119024722/http://streaming.pro-fhi.net/Panoramix-RadioStation"
      },
      {
        "datetime": "2018-01-19T04:14:10Z",
        "uri": "http://web.archive.org/web/20180119041410/http://streaming.pro-fhi.net/Panoramix-RadioStation"
      },
      {
        "datetime": "2018-01-19T04:14:13Z",
        "uri": "http://web.archive.org/web/20180119041413/http://streaming.pro-fhi.net/Panoramix-RadioStation"
      },
      {
        "datetime": "2018-01-19T18:25:23Z",
        "uri": "http://web.archive.org/web/20180119182523/http://streaming.pro-fhi.net/Panoramix-RadioStation"
      },
      {
        "datetime": "2018-01-19T18:25:28Z",
        "uri": "http://web.archive.org/web/20180119182528/http://streaming.pro-fhi.net/Panoramix-RadioStation"
      },
      {
        "datetime": "2018-01-19T21:53:29Z",
        "uri": "http://web.archive.org/web/20180119215329/http://streaming.pro-fhi.net/Panoramix-RadioStation"
      },
      {
        "datetime": "2018-01-20T19:52:47Z",
        "uri": "http://web.archive.org/web/20180120195247/http://streaming.pro-fhi.net/Panoramix-RadioStation"
      },
      {
        "datetime": "2018-01-20T20:18:04Z",
        "uri": "http://web.archive.org/web/20180120201804/http://streaming.pro-fhi.net/Panoramix-RadioStation"
      },
      {
        "datetime": "2018-01-20T22:33:31Z",
        "uri": "http://web.archive.org/web/20180120223331/http://streaming.pro-fhi.net/Panoramix-RadioStation"
      },
      {
        "datetime": "2018-01-20T22:33:38Z",
        "uri": "http://web.archive.org/web/20180120223338/http://streaming.pro-fhi.net/Panoramix-RadioStation"
      },
      {
        "datetime": "2018-01-21T08:57:05Z",
        "uri": "http://web.archive.org/web/20180121085705/http://streaming.pro-fhi.net/Panoramix-RadioStation"
      },
      {
        "datetime": "2018-01-21T08:57:10Z",
        "uri": "http://web.archive.org/web/20180121085710/http://streaming.pro-fhi.net/Panoramix-RadioStation"
      },
      {
        "datetime": "2018-01-21T12:21:09Z",
        "uri": "http://web.archive.org/web/20180121122109/http://streaming.pro-fhi.net/Panoramix-RadioStation"
      },
      {
        "datetime": "2018-01-21T12:43:18Z",
        "uri": "http://web.archive.org/web/20180121124318/http://streaming.pro-fhi.net/Panoramix-RadioStation"
      },
      {
        "datetime": "2018-01-21T12:43:41Z",
        "uri": "http://web.archive.org/web/20180121124341/http://streaming.pro-fhi.net/Panoramix-RadioStation"
      },
      {
        "datetime": "2018-01-21T14:10:36Z",
        "uri": "http://web.archive.org/web/20180121141036/http://streaming.pro-fhi.net/Panoramix-RadioStation"
      },
      {
        "datetime": "2018-01-21T14:47:31Z",
        "uri": "http://web.archive.org/web/20180121144731/http://streaming.pro-fhi.net/Panoramix-RadioStation"
      },
      {
        "datetime": "2018-01-21T14:49:34Z",
        "uri": "http://web.archive.org/web/20180121144934/http://streaming.pro-fhi.net/Panoramix-RadioStation"
      },
      {
        "datetime": "2018-01-22T07:27:01Z",
        "uri": "http://web.archive.org/web/20180122072701/http://streaming.pro-fhi.net/Panoramix-RadioStation"
      },
      {
        "datetime": "2018-01-22T07:27:40Z",
        "uri": "http://web.archive.org/web/20180122072740/http://streaming.pro-fhi.net/Panoramix-RadioStation"
      },
      {
        "datetime": "2018-01-22T20:37:27Z",
        "uri": "http://web.archive.org/web/20180122203727/http://streaming.pro-fhi.net/Panoramix-RadioStation"
      },
      {
        "datetime": "2018-01-23T03:12:29Z",
        "uri": "http://web.archive.org/web/20180123031229/http://streaming.pro-fhi.net/Panoramix-RadioStation"
      },
      {
        "datetime": "2018-01-23T04:43:38Z",
        "uri": "http://web.archive.org/web/20180123044338/http://streaming.pro-fhi.net/Panoramix-RadioStation"
      },
      {
        "datetime": "2018-01-23T04:45:03Z",
        "uri": "http://web.archive.org/web/20180123044503/http://streaming.pro-fhi.net/Panoramix-RadioStation"
      },
      {
        "datetime": "2018-01-25T00:31:46Z",
        "uri": "http://web.archive.org/web/20180125003146/http://streaming.pro-fhi.net/Panoramix-RadioStation"
      },
      {
        "datetime": "2018-01-25T00:32:13Z",
        "uri": "http://web.archive.org/web/20180125003213/http://streaming.pro-fhi.net/Panoramix-RadioStation"
      },
      {
        "datetime": "2018-01-25T15:42:03Z",
        "uri": "http://web.archive.org/web/20180125154203/http://streaming.pro-fhi.net/Panoramix-RadioStation"
      },
      {
        "datetime": "2018-01-26T00:17:23Z",
        "uri": "http://web.archive.org/web/20180126001723/http://streaming.pro-fhi.net/Panoramix-RadioStation"
      },
      {
        "datetime": "2018-01-26T16:14:47Z",
        "uri": "http://web.archive.org/web/20180126161447/http://streaming.pro-fhi.net/Panoramix-RadioStation"
      },
      {
        "datetime": "2018-01-27T16:19:51Z",
        "uri": "http://web.archive.org/web/20180127161951/http://streaming.pro-fhi.net/Panoramix-RadioStation"
      },
      {
        "datetime": "2018-01-29T09:41:45Z",
        "uri": "http://web.archive.org/web/20180129094145/http://streaming.pro-fhi.net/Panoramix-RadioStation"
      },
      {
        "datetime": "2018-01-29T09:54:15Z",
        "uri": "http://web.archive.org/web/20180129095415/http://streaming.pro-fhi.net/Panoramix-RadioStation"
      },
      {
        "datetime": "2018-01-29T14:11:33Z",
        "uri": "http://web.archive.org/web/20180129141133/http://streaming.pro-fhi.net/Panoramix-RadioStation"
      },
      {
        "datetime": "2018-01-29T14:12:12Z",
        "uri": "http://web.archive.org/web/20180129141212/http://streaming.pro-fhi.net/Panoramix-RadioStation"
      },
      {
        "datetime": "2018-01-30T04:55:15Z",
        "uri": "http://web.archive.org/web/20180130045515/http://streaming.pro-fhi.net/Panoramix-RadioStation"
      },
      {
        "datetime": "2018-01-30T04:55:42Z",
        "uri": "http://web.archive.org/web/20180130045542/http://streaming.pro-fhi.net/Panoramix-RadioStation"
      },
      {
        "datetime": "2018-01-31T06:44:27Z",
        "uri": "http://web.archive.org/web/20180131064427/http://streaming.pro-fhi.net/Panoramix-RadioStation"
      },
      {
        "datetime": "2018-01-31T13:04:38Z",
        "uri": "http://web.archive.org/web/20180131130438/http://streaming.pro-fhi.net/Panoramix-RadioStation"
      },
      {
        "datetime": "2018-02-01T06:38:55Z",
        "uri": "http://web.archive.org/web/20180201063855/http://streaming.pro-fhi.net/Panoramix-RadioStation"
      },
      {
        "datetime": "2018-02-01T06:39:27Z",
        "uri": "http://web.archive.org/web/20180201063927/http://streaming.pro-fhi.net/Panoramix-RadioStation"
      },
      {
        "datetime": "2018-02-01T12:46:41Z",
        "uri": "http://web.archive.org/web/20180201124641/http://streaming.pro-fhi.net/Panoramix-RadioStation"
      },
      {
        "datetime": "2018-02-02T16:25:56Z",
        "uri": "http://web.archive.org/web/20180202162556/http://streaming.pro-fhi.net/Panoramix-RadioStation"
      },
      {
        "datetime": "2018-02-02T18:34:06Z",
        "uri": "http://web.archive.org/web/20180202183406/http://streaming.pro-fhi.net/Panoramix-RadioStation"
      },
      {
        "datetime": "2018-02-02T19:47:30Z",
        "uri": "http://web.archive.org/web/20180202194730/http://streaming.pro-fhi.net/Panoramix-RadioStation"
      },
      {
        "datetime": "2018-02-02T23:01:07Z",
        "uri": "http://web.archive.org/web/20180202230107/http://streaming.pro-fhi.net/Panoramix-RadioStation"
      },
      {
        "datetime": "2018-02-08T20:50:31Z",
        "uri": "http://web.archive.org/web/20180208205031/http://streaming.pro-fhi.net/Panoramix-RadioStation"
      },
      {
        "datetime": "2018-02-09T18:06:56Z",
        "uri": "http://web.archive.org/web/20180209180656/http://streaming.pro-fhi.net/Panoramix-RadioStation"
      },
      {
        "datetime": "2018-02-09T18:09:15Z",
        "uri": "http://web.archive.org/web/20180209180915/http://streaming.pro-fhi.net/Panoramix-RadioStation"
      },
      {
        "datetime": "2018-02-10T08:06:52Z",
        "uri": "http://web.archive.org/web/20180210080652/http://streaming.pro-fhi.net/Panoramix-RadioStation"
      },
      {
        "datetime": "2018-02-10T09:55:23Z",
        "uri": "http://web.archive.org/web/20180210095523/http://streaming.pro-fhi.net/Panoramix-RadioStation"
      },
      {
        "datetime": "2018-02-10T09:57:32Z",
        "uri": "http://web.archive.org/web/20180210095732/http://streaming.pro-fhi.net/Panoramix-RadioStation"
      },
      {
        "datetime": "2018-02-10T15:06:20Z",
        "uri": "http://web.archive.org/web/20180210150620/http://streaming.pro-fhi.net/Panoramix-RadioStation"
      },
      {
        "datetime": "2018-02-10T22:13:04Z",
        "uri": "http://web.archive.org/web/20180210221304/http://streaming.pro-fhi.net/Panoramix-RadioStation"
      },
      {
        "datetime": "2018-02-10T22:13:07Z",
        "uri": "http://web.archive.org/web/20180210221307/http://streaming.pro-fhi.net/Panoramix-RadioStation"
      },
      {
        "datetime": "2018-02-11T04:35:35Z",
        "uri": "http://web.archive.org/web/20180211043535/http://streaming.pro-fhi.net/Panoramix-RadioStation"
      },
      {
        "datetime": "2018-02-11T04:35:39Z",
        "uri": "http://web.archive.org/web/20180211043539/http://streaming.pro-fhi.net/Panoramix-RadioStation"
      },
      {
        "datetime": "2018-02-11T04:41:16Z",
        "uri": "http://web.archive.org/web/20180211044116/http://streaming.pro-fhi.net/Panoramix-RadioStation"
      },
      {
        "datetime": "2018-02-11T04:41:16Z",
        "uri": "http://web.archive.org/web/20180211044116/http://streaming.pro-fhi.net/Panoramix-RadioStation"
      },
      {
        "datetime": "2018-02-11T14:17:06Z",
        "uri": "http://web.archive.org/web/20180211141706/http://streaming.pro-fhi.net/Panoramix-RadioStation"
      },
      {
        "datetime": "2018-02-11T14:40:33Z",
        "uri": "http://web.archive.org/web/20180211144033/http://streaming.pro-fhi.net/Panoramix-RadioStation"
      },
      {
        "datetime": "2018-02-11T15:02:59Z",
        "uri": "http://web.archive.org/web/20180211150259/http://streaming.pro-fhi.net/Panoramix-RadioStation"
      },
      {
        "datetime": "2018-02-11T15:03:00Z",
        "uri": "http://web.archive.org/web/20180211150300/http://streaming.pro-fhi.net/Panoramix-RadioStation"
      },
      {
        "datetime": "2018-02-11T20:10:03Z",
        "uri": "http://web.archive.org/web/20180211201003/http://streaming.pro-fhi.net/Panoramix-RadioStation"
      },
      {
        "datetime": "2018-02-11T20:10:03Z",
        "uri": "http://web.archive.org/web/20180211201003/http://streaming.pro-fhi.net/Panoramix-RadioStation"
      },
      {
        "datetime": "2018-02-11T21:19:01Z",
        "uri": "http://web.archive.org/web/20180211211901/http://streaming.pro-fhi.net/Panoramix-RadioStation"
      },
      {
        "datetime": "2018-02-11T21:19:01Z",
        "uri": "http://web.archive.org/web/20180211211901/http://streaming.pro-fhi.net/Panoramix-RadioStation"
      },
      {
        "datetime": "2018-02-11T21:40:57Z",
        "uri": "http://web.archive.org/web/20180211214057/http://streaming.pro-fhi.net/Panoramix-RadioStation"
      },
      {
        "datetime": "2018-02-11T21:40:57Z",
        "uri": "http://web.archive.org/web/20180211214057/http://streaming.pro-fhi.net/Panoramix-RadioStation"
      },
      {
        "datetime": "2018-02-12T13:24:14Z",
        "uri": "http://web.archive.org/web/20180212132414/http://streaming.pro-fhi.net/Panoramix-RadioStation"
      },
      {
        "datetime": "2018-02-12T13:24:14Z",
        "uri": "http://web.archive.org/web/20180212132414/http://streaming.pro-fhi.net/Panoramix-RadioStation"
      },
      {
        "datetime": "2018-02-12T13:27:31Z",
        "uri": "http://web.archive.org/web/20180212132731/http://streaming.pro-fhi.net/Panoramix-RadioStation"
      },
      {
        "datetime": "2018-02-12T13:27:31Z",
        "uri": "http://web.archive.org/web/20180212132731/http://streaming.pro-fhi.net/Panoramix-RadioStation"
      },
      {
        "datetime": "2018-02-12T18:33:37Z",
        "uri": "http://web.archive.org/web/20180212183337/http://streaming.pro-fhi.net/Panoramix-RadioStation"
      },
      {
        "datetime": "2018-02-12T18:33:37Z",
        "uri": "http://web.archive.org/web/20180212183337/http://streaming.pro-fhi.net/Panoramix-RadioStation"
      },
      {
        "datetime": "2018-02-12T18:36:31Z",
        "uri": "http://web.archive.org/web/20180212183631/http://streaming.pro-fhi.net/Panoramix-RadioStation"
      },
      {
        "datetime": "2018-02-12T18:36:31Z",
        "uri": "http://web.archive.org/web/20180212183631/http://streaming.pro-fhi.net/Panoramix-RadioStation"
      }
    ],
    "first": {
      "datetime": "2018-01-18T00:51:25Z",
      "uri": "http://web.archive.org/web/20180118005125/http://streaming.pro-fhi.net/Panoramix-RadioStation"
    },
    "last": {
      "datetime": "2018-02-12T18:36:31Z",
      "uri": "http://web.archive.org/web/20180212183631/http://streaming.pro-fhi.net/Panoramix-RadioStation"
    }
  },
  "timemap_uri": {
    "link_format": "https://memgator.cs.odu.edu/timemap/link/http://streaming.pro-fhi.net/Panoramix-RadioStation%0A",
    "json_format": "https://memgator.cs.odu.edu/timemap/json/http://streaming.pro-fhi.net/Panoramix-RadioStation%0A",
    "cdxj_format": "https://memgator.cs.odu.edu/timemap/cdxj/http://streaming.pro-fhi.net/Panoramix-RadioStation%0A"
  },
  "timegate_uri": "https://memgator.cs.odu.edu/timegate/http://streaming.pro-fhi.net/Panoramix-RadioStation%0A"
}
