{
  "original_uri": "https://realpython.com/blog/python/face-recognition-with-python/%0A",
  "self": "https://memgator.cs.odu.edu/timemap/json/https://realpython.com/blog/python/face-recognition-with-python/%0A",
  "mementos": {
    "list": [
      {
        "datetime": "2014-07-12T02:39:09Z",
        "uri": "http://web.archive.org/web/20140712023909/http://www.realpython.com:80/blog/python/face-recognition-with-python/"
      },
      {
        "datetime": "2014-07-12T02:39:09Z",
        "uri": "http://web.archive.org/web/20140712023909/http://www.realpython.com:80/blog/python/face-recognition-with-python"
      },
      {
        "datetime": "2014-07-13T13:15:03Z",
        "uri": "http://web.archive.org/web/20140713131503/http://www.realpython.com:80/blog/python/face-recognition-with-python/"
      },
      {
        "datetime": "2014-09-12T05:06:28Z",
        "uri": "http://web.archive.org/web/20140912050628/http://www.realpython.com:80/blog/python/face-recognition-with-python/"
      },
      {
        "datetime": "2014-09-12T05:06:28Z",
        "uri": "http://web.archive.org/web/20140912050628/http://realpython.com:80/blog/python/face-recognition-with-python/"
      },
      {
        "datetime": "2014-11-26T00:59:15Z",
        "uri": "http://web.archive.org/web/20141126005915/http://www.realpython.com:80/blog/python/face-recognition-with-python/"
      },
      {
        "datetime": "2014-11-26T00:59:15Z",
        "uri": "http://web.archive.org/web/20141126005915/http://realpython.com:80/blog/python/face-recognition-with-python/"
      },
      {
        "datetime": "2015-04-21T04:50:12Z",
        "uri": "http://web.archive.org/web/20150421045012/https://realpython.com/blog/python/face-recognition-with-python/"
      },
      {
        "datetime": "2015-06-03T00:26:17Z",
        "uri": "http://web.archive.org/web/20150603002617/https://realpython.com/blog/python/face-recognition-with-python/"
      },
      {
        "datetime": "2015-06-03T06:01:21Z",
        "uri": "http://web.archive.org/web/20150603060121/https://realpython.com/blog/python/face-recognition-with-python/"
      },
      {
        "datetime": "2015-06-09T17:12:55Z",
        "uri": "http://web.archive.org/web/20150609171255/https://realpython.com/blog/python/face-recognition-with-python/"
      },
      {
        "datetime": "2015-09-12T08:06:18Z",
        "uri": "http://web.archive.org/web/20150912080618/https://realpython.com/blog/python/face-recognition-with-python/"
      },
      {
        "datetime": "2015-09-22T00:52:29Z",
        "uri": "http://web.archive.org/web/20150922005229/https://realpython.com/blog/python/face-recognition-with-python"
      },
      {
        "datetime": "2016-01-26T16:46:28Z",
        "uri": "http://web.archive.org/web/20160126164628/http://www.realpython.com/blog/python/face-recognition-with-python/"
      },
      {
        "datetime": "2016-01-26T16:46:29Z",
        "uri": "http://web.archive.org/web/20160126164629/https://realpython.com/blog/python/face-recognition-with-python/"
      },
      {
        "datetime": "2016-01-26T16:46:29Z",
        "uri": "http://web.archive.org/web/20160126164629/http://realpython.com/blog/python/face-recognition-with-python/"
      },
      {
        "datetime": "2016-03-04T02:09:54Z",
        "uri": "http://web.archive.org/web/20160304020954/https://realpython.com/blog/python/face-recognition-with-python/"
      },
      {
        "datetime": "2016-03-04T14:30:38Z",
        "uri": "http://web.archive.org/web/20160304143038/http://realpython.com/blog/python/face-recognition-with-python"
      },
      {
        "datetime": "2016-03-04T14:30:49Z",
        "uri": "http://web.archive.org/web/20160304143049/http://realpython.com/blog/python/face-recognition-with-python"
      },
      {
        "datetime": "2016-03-04T14:31:55Z",
        "uri": "http://web.archive.org/web/20160304143155/http://realpython.com/blog/python/face-recognition-with-python"
      },
      {
        "datetime": "2016-03-05T16:30:07Z",
        "uri": "http://web.archive.org/web/20160305163007/http://realpython.com/blog/python/face-recognition-with-python"
      },
      {
        "datetime": "2016-03-13T17:01:24Z",
        "uri": "http://web.archive.org/web/20160313170124/https://realpython.com/blog/python/face-recognition-with-python"
      },
      {
        "datetime": "2016-03-13T17:01:29Z",
        "uri": "http://web.archive.org/web/20160313170129/https://realpython.com/blog/python/face-recognition-with-python/"
      },
      {
        "datetime": "2016-03-20T07:47:24Z",
        "uri": "http://web.archive.org/web/20160320074724/https://realpython.com/blog/python/face-recognition-with-python"
      },
      {
        "datetime": "2016-04-02T12:23:29Z",
        "uri": "http://web.archive.org/web/20160402122329/http://www.realpython.com/blog/python/face-recognition-with-python/"
      },
      {
        "datetime": "2016-04-02T12:23:30Z",
        "uri": "http://web.archive.org/web/20160402122330/https://realpython.com/blog/python/face-recognition-with-python/"
      },
      {
        "datetime": "2016-04-02T12:23:30Z",
        "uri": "http://web.archive.org/web/20160402122330/http://realpython.com/blog/python/face-recognition-with-python/"
      },
      {
        "datetime": "2016-04-29T16:38:59Z",
        "uri": "http://web.archive.org/web/20160429163859/https://realpython.com/blog/python/face-recognition-with-python/"
      },
      {
        "datetime": "2016-09-10T22:37:59Z",
        "uri": "http://web.archive.org/web/20160910223759/https://realpython.com/blog/python/face-recognition-with-python"
      },
      {
        "datetime": "2016-09-11T01:57:02Z",
        "uri": "http://web.archive.org/web/20160911015702/https://realpython.com/blog/python/face-recognition-with-python/"
      },
      {
        "datetime": "2016-12-17T22:09:58Z",
        "uri": "http://web.archive.org/web/20161217220958/http://www.realpython.com/blog/python/face-recognition-with-python/"
      },
      {
        "datetime": "2016-12-17T22:09:59Z",
        "uri": "http://web.archive.org/web/20161217220959/http://realpython.com/blog/python/face-recognition-with-python/"
      },
      {
        "datetime": "2016-12-17T22:10:00Z",
        "uri": "http://web.archive.org/web/20161217221000/https://realpython.com/blog/python/face-recognition-with-python/"
      },
      {
        "datetime": "2017-02-22T14:37:12Z",
        "uri": "http://web.archive.org/web/20170222143712/https://realpython.com/blog/python/face-recognition-with-python/"
      },
      {
        "datetime": "2017-06-23T08:43:51Z",
        "uri": "http://web.archive.org/web/20170623084351/https://realpython.com/blog/python/face-recognition-with-python/"
      },
      {
        "datetime": "2017-07-16T08:15:17Z",
        "uri": "http://web.archive.org/web/20170716081517/https://realpython.com/blog/python/face-recognition-with-python/"
      },
      {
        "datetime": "2017-08-07T15:56:53Z",
        "uri": "http://web.archive.org/web/20170807155653/https://realpython.com/blog/python/face-recognition-with-python"
      },
      {
        "datetime": "2017-09-20T04:27:47Z",
        "uri": "http://web.archive.org/web/20170920042747/https://realpython.com/blog/python/face-recognition-with-python"
      },
      {
        "datetime": "2017-09-20T04:27:51Z",
        "uri": "http://web.archive.org/web/20170920042751/https://realpython.com/blog/python/face-recognition-with-python/"
      },
      {
        "datetime": "2017-09-20T04:28:00Z",
        "uri": "http://web.archive.org/web/20170920042800/https://realpython.com/blog/python/face-recognition-with-python/"
      },
      {
        "datetime": "2017-11-19T00:12:24Z",
        "uri": "http://web.archive.org/web/20171119001224/https://realpython.com/blog/python/face-recognition-with-python/"
      },
      {
        "datetime": "2018-01-30T20:26:47Z",
        "uri": "http://web.archive.org/web/20180130202647/https://realpython.com/blog/python/face-recognition-with-python"
      },
      {
        "datetime": "2018-02-11T10:42:46Z",
        "uri": "http://web.archive.org/web/20180211104246/https://realpython.com/blog/python/face-recognition-with-python/"
      }
    ],
    "first": {
      "datetime": "2014-07-12T02:39:09Z",
      "uri": "http://web.archive.org/web/20140712023909/http://www.realpython.com:80/blog/python/face-recognition-with-python/"
    },
    "last": {
      "datetime": "2018-02-11T10:42:46Z",
      "uri": "http://web.archive.org/web/20180211104246/https://realpython.com/blog/python/face-recognition-with-python/"
    }
  },
  "timemap_uri": {
    "link_format": "https://memgator.cs.odu.edu/timemap/link/https://realpython.com/blog/python/face-recognition-with-python/%0A",
    "json_format": "https://memgator.cs.odu.edu/timemap/json/https://realpython.com/blog/python/face-recognition-with-python/%0A",
    "cdxj_format": "https://memgator.cs.odu.edu/timemap/cdxj/https://realpython.com/blog/python/face-recognition-with-python/%0A"
  },
  "timegate_uri": "https://memgator.cs.odu.edu/timegate/https://realpython.com/blog/python/face-recognition-with-python/%0A"
}
