{
  "original_uri": "https://ac1235.github.io/fractal-of-clean-design%0A",
  "self": "https://memgator.cs.odu.edu/timemap/json/https://ac1235.github.io/fractal-of-clean-design%0A",
  "mementos": {
    "list": [
      {
        "datetime": "2018-02-05T02:31:34Z",
        "uri": "http://web.archive.org/web/20180205023134/https://ac1235.github.io/fractal-of-clean-design"
      },
      {
        "datetime": "2018-02-05T02:46:31Z",
        "uri": "http://web.archive.org/web/20180205024631/https://ac1235.github.io/fractal-of-clean-design"
      },
      {
        "datetime": "2018-02-05T03:01:45Z",
        "uri": "http://web.archive.org/web/20180205030145/https://ac1235.github.io/fractal-of-clean-design"
      },
      {
        "datetime": "2018-02-05T03:16:39Z",
        "uri": "http://web.archive.org/web/20180205031639/https://ac1235.github.io/fractal-of-clean-design"
      },
      {
        "datetime": "2018-02-05T03:31:42Z",
        "uri": "http://web.archive.org/web/20180205033142/https://ac1235.github.io/fractal-of-clean-design"
      },
      {
        "datetime": "2018-02-05T03:47:00Z",
        "uri": "http://web.archive.org/web/20180205034700/https://ac1235.github.io/fractal-of-clean-design"
      },
      {
        "datetime": "2018-02-05T04:02:05Z",
        "uri": "http://web.archive.org/web/20180205040205/https://ac1235.github.io/fractal-of-clean-design"
      },
      {
        "datetime": "2018-02-05T04:17:20Z",
        "uri": "http://web.archive.org/web/20180205041720/https://ac1235.github.io/fractal-of-clean-design"
      }
    ],
    "first": {
      "datetime": "2018-02-05T02:31:34Z",
      "uri": "http://web.archive.org/web/20180205023134/https://ac1235.github.io/fractal-of-clean-design"
    },
    "last": {
      "datetime": "2018-02-05T04:17:20Z",
      "uri": "http://web.archive.org/web/20180205041720/https://ac1235.github.io/fractal-of-clean-design"
    }
  },
  "timemap_uri": {
    "link_format": "https://memgator.cs.odu.edu/timemap/link/https://ac1235.github.io/fractal-of-clean-design%0A",
    "json_format": "https://memgator.cs.odu.edu/timemap/json/https://ac1235.github.io/fractal-of-clean-design%0A",
    "cdxj_format": "https://memgator.cs.odu.edu/timemap/cdxj/https://ac1235.github.io/fractal-of-clean-design%0A"
  },
  "timegate_uri": "https://memgator.cs.odu.edu/timegate/https://ac1235.github.io/fractal-of-clean-design%0A"
}
