{
  "original_uri": "https://www.infoworld.com/article/3250299/python/what-is-cython-python-at-the-speed-of-c.html%0A",
  "self": "https://memgator.cs.odu.edu/timemap/json/https://www.infoworld.com/article/3250299/python/what-is-cython-python-at-the-speed-of-c.html%0A",
  "mementos": {
    "list": [
      {
        "datetime": "2018-02-10T23:44:50Z",
        "uri": "http://web.archive.org/web/20180210234450/https://www.infoworld.com/article/3250299/python/what-is-cython-python-at-the-speed-of-c.html"
      }
    ],
    "first": {
      "datetime": "2018-02-10T23:44:50Z",
      "uri": "http://web.archive.org/web/20180210234450/https://www.infoworld.com/article/3250299/python/what-is-cython-python-at-the-speed-of-c.html"
    },
    "last": {
      "datetime": "2018-02-10T23:44:50Z",
      "uri": "http://web.archive.org/web/20180210234450/https://www.infoworld.com/article/3250299/python/what-is-cython-python-at-the-speed-of-c.html"
    }
  },
  "timemap_uri": {
    "link_format": "https://memgator.cs.odu.edu/timemap/link/https://www.infoworld.com/article/3250299/python/what-is-cython-python-at-the-speed-of-c.html%0A",
    "json_format": "https://memgator.cs.odu.edu/timemap/json/https://www.infoworld.com/article/3250299/python/what-is-cython-python-at-the-speed-of-c.html%0A",
    "cdxj_format": "https://memgator.cs.odu.edu/timemap/cdxj/https://www.infoworld.com/article/3250299/python/what-is-cython-python-at-the-speed-of-c.html%0A"
  },
  "timegate_uri": "https://memgator.cs.odu.edu/timegate/https://www.infoworld.com/article/3250299/python/what-is-cython-python-at-the-speed-of-c.html%0A"
}
