{
  "original_uri": "https://pydata.org/london2018/cfp/%0A",
  "self": "https://memgator.cs.odu.edu/timemap/json/https://pydata.org/london2018/cfp/%0A",
  "mementos": {
    "list": [
      {
        "datetime": "2018-01-29T08:22:07Z",
        "uri": "http://web.archive.org/web/20180129082207/https://pydata.org/london2018/cfp/"
      }
    ],
    "first": {
      "datetime": "2018-01-29T08:22:07Z",
      "uri": "http://web.archive.org/web/20180129082207/https://pydata.org/london2018/cfp/"
    },
    "last": {
      "datetime": "2018-01-29T08:22:07Z",
      "uri": "http://web.archive.org/web/20180129082207/https://pydata.org/london2018/cfp/"
    }
  },
  "timemap_uri": {
    "link_format": "https://memgator.cs.odu.edu/timemap/link/https://pydata.org/london2018/cfp/%0A",
    "json_format": "https://memgator.cs.odu.edu/timemap/json/https://pydata.org/london2018/cfp/%0A",
    "cdxj_format": "https://memgator.cs.odu.edu/timemap/cdxj/https://pydata.org/london2018/cfp/%0A"
  },
  "timegate_uri": "https://memgator.cs.odu.edu/timegate/https://pydata.org/london2018/cfp/%0A"
}
