{
  "original_uri": "https://www.kdnuggets.com/2018/02/introduction-python-ensembles.html%0A",
  "self": "https://memgator.cs.odu.edu/timemap/json/https://www.kdnuggets.com/2018/02/introduction-python-ensembles.html%0A",
  "mementos": {
    "list": [
      {
        "datetime": "2018-02-09T21:46:42Z",
        "uri": "http://web.archive.org/web/20180209214642/https://www.kdnuggets.com/2018/02/introduction-python-ensembles.html"
      },
      {
        "datetime": "2018-02-09T22:02:01Z",
        "uri": "http://web.archive.org/web/20180209220201/https://www.kdnuggets.com/2018/02/introduction-python-ensembles.html"
      },
      {
        "datetime": "2018-02-09T22:18:48Z",
        "uri": "http://web.archive.org/web/20180209221848/https://www.kdnuggets.com/2018/02/introduction-python-ensembles.html"
      },
      {
        "datetime": "2018-02-11T06:32:34Z",
        "uri": "http://web.archive.org/web/20180211063234/https://www.kdnuggets.com/2018/02/introduction-python-ensembles.html"
      },
      {
        "datetime": "2018-02-11T06:46:21Z",
        "uri": "http://web.archive.org/web/20180211064621/https://www.kdnuggets.com/2018/02/introduction-python-ensembles.html"
      },
      {
        "datetime": "2018-02-11T07:01:54Z",
        "uri": "http://web.archive.org/web/20180211070154/https://www.kdnuggets.com/2018/02/introduction-python-ensembles.html"
      },
      {
        "datetime": "2018-02-11T07:16:49Z",
        "uri": "http://web.archive.org/web/20180211071649/https://www.kdnuggets.com/2018/02/introduction-python-ensembles.html"
      },
      {
        "datetime": "2018-02-11T07:31:54Z",
        "uri": "http://web.archive.org/web/20180211073154/https://www.kdnuggets.com/2018/02/introduction-python-ensembles.html"
      },
      {
        "datetime": "2018-02-11T07:47:19Z",
        "uri": "http://web.archive.org/web/20180211074719/https://www.kdnuggets.com/2018/02/introduction-python-ensembles.html"
      },
      {
        "datetime": "2018-02-11T08:03:07Z",
        "uri": "http://web.archive.org/web/20180211080307/https://www.kdnuggets.com/2018/02/introduction-python-ensembles.html"
      }
    ],
    "first": {
      "datetime": "2018-02-09T21:46:42Z",
      "uri": "http://web.archive.org/web/20180209214642/https://www.kdnuggets.com/2018/02/introduction-python-ensembles.html"
    },
    "last": {
      "datetime": "2018-02-11T08:03:07Z",
      "uri": "http://web.archive.org/web/20180211080307/https://www.kdnuggets.com/2018/02/introduction-python-ensembles.html"
    }
  },
  "timemap_uri": {
    "link_format": "https://memgator.cs.odu.edu/timemap/link/https://www.kdnuggets.com/2018/02/introduction-python-ensembles.html%0A",
    "json_format": "https://memgator.cs.odu.edu/timemap/json/https://www.kdnuggets.com/2018/02/introduction-python-ensembles.html%0A",
    "cdxj_format": "https://memgator.cs.odu.edu/timemap/cdxj/https://www.kdnuggets.com/2018/02/introduction-python-ensembles.html%0A"
  },
  "timegate_uri": "https://memgator.cs.odu.edu/timegate/https://www.kdnuggets.com/2018/02/introduction-python-ensembles.html%0A"
}
