{
  "original_uri": "https://pycon2016.regex.training/%0A",
  "self": "https://memgator.cs.odu.edu/timemap/json/https://pycon2016.regex.training/%0A",
  "mementos": {
    "list": [
      {
        "datetime": "2016-05-22T21:30:41Z",
        "uri": "http://web.archive.org/web/20160522213041/http://pycon2016.regex.training:80/"
      },
      {
        "datetime": "2017-06-07T16:40:21Z",
        "uri": "http://web.archive.org/web/20170607164021/http://pycon2016.regex.training:80/"
      },
      {
        "datetime": "2017-08-08T21:56:16Z",
        "uri": "http://web.archive.org/web/20170808215616/http://pycon2016.regex.training:80/"
      },
      {
        "datetime": "2018-02-08T14:11:23Z",
        "uri": "http://web.archive.org/web/20180208141123/https://pycon2016.regex.training/"
      },
      {
        "datetime": "2018-02-08T15:30:48Z",
        "uri": "http://web.archive.org/web/20180208153048/https://pycon2016.regex.training/"
      }
    ],
    "first": {
      "datetime": "2016-05-22T21:30:41Z",
      "uri": "http://web.archive.org/web/20160522213041/http://pycon2016.regex.training:80/"
    },
    "last": {
      "datetime": "2018-02-08T15:30:48Z",
      "uri": "http://web.archive.org/web/20180208153048/https://pycon2016.regex.training/"
    }
  },
  "timemap_uri": {
    "link_format": "https://memgator.cs.odu.edu/timemap/link/https://pycon2016.regex.training/%0A",
    "json_format": "https://memgator.cs.odu.edu/timemap/json/https://pycon2016.regex.training/%0A",
    "cdxj_format": "https://memgator.cs.odu.edu/timemap/cdxj/https://pycon2016.regex.training/%0A"
  },
  "timegate_uri": "https://memgator.cs.odu.edu/timegate/https://pycon2016.regex.training/%0A"
}
