{
  "original_uri": "http://zpy.io/cc45e239%0A",
  "self": "https://memgator.cs.odu.edu/timemap/json/http://zpy.io/cc45e239%0A",
  "mementos": {
    "list": [
      {
        "datetime": "2017-09-12T22:50:46Z",
        "uri": "http://web.archive.org/web/20170912225046/http://zpy.io/cc45e239"
      },
      {
        "datetime": "2018-02-03T09:16:14Z",
        "uri": "http://web.archive.org/web/20180203091614/http://zpy.io/cc45e239"
      }
    ],
    "first": {
      "datetime": "2017-09-12T22:50:46Z",
      "uri": "http://web.archive.org/web/20170912225046/http://zpy.io/cc45e239"
    },
    "last": {
      "datetime": "2018-02-03T09:16:14Z",
      "uri": "http://web.archive.org/web/20180203091614/http://zpy.io/cc45e239"
    }
  },
  "timemap_uri": {
    "link_format": "https://memgator.cs.odu.edu/timemap/link/http://zpy.io/cc45e239%0A",
    "json_format": "https://memgator.cs.odu.edu/timemap/json/http://zpy.io/cc45e239%0A",
    "cdxj_format": "https://memgator.cs.odu.edu/timemap/cdxj/http://zpy.io/cc45e239%0A"
  },
  "timegate_uri": "https://memgator.cs.odu.edu/timegate/http://zpy.io/cc45e239%0A"
}
