{
  "original_uri": "https://www.python.org/downloads/release/python-370b1/%0A",
  "self": "https://memgator.cs.odu.edu/timemap/json/https://www.python.org/downloads/release/python-370b1/%0A",
  "mementos": {
    "list": [
      {
        "datetime": "2018-02-01T07:23:07Z",
        "uri": "http://web.archive.org/web/20180201072307/https://www.python.org/downloads/release/python-370b1/"
      },
      {
        "datetime": "2018-02-01T12:46:41Z",
        "uri": "http://web.archive.org/web/20180201124641/https://www.python.org/downloads/release/python-370b1/"
      },
      {
        "datetime": "2018-02-01T13:02:39Z",
        "uri": "http://web.archive.org/web/20180201130239/https://www.python.org/downloads/release/python-370b1/"
      },
      {
        "datetime": "2018-02-01T22:09:36Z",
        "uri": "http://web.archive.org/web/20180201220936/https://www.python.org/downloads/release/python-370b1/"
      },
      {
        "datetime": "2018-02-02T15:02:37Z",
        "uri": "http://web.archive.org/web/20180202150237/https://www.python.org/downloads/release/python-370b1/"
      }
    ],
    "first": {
      "datetime": "2018-02-01T07:23:07Z",
      "uri": "http://web.archive.org/web/20180201072307/https://www.python.org/downloads/release/python-370b1/"
    },
    "last": {
      "datetime": "2018-02-02T15:02:37Z",
      "uri": "http://web.archive.org/web/20180202150237/https://www.python.org/downloads/release/python-370b1/"
    }
  },
  "timemap_uri": {
    "link_format": "https://memgator.cs.odu.edu/timemap/link/https://www.python.org/downloads/release/python-370b1/%0A",
    "json_format": "https://memgator.cs.odu.edu/timemap/json/https://www.python.org/downloads/release/python-370b1/%0A",
    "cdxj_format": "https://memgator.cs.odu.edu/timemap/cdxj/https://www.python.org/downloads/release/python-370b1/%0A"
  },
  "timegate_uri": "https://memgator.cs.odu.edu/timegate/https://www.python.org/downloads/release/python-370b1/%0A"
}
