{
  "original_uri": "https://tryolabs.com/blog/2017/12/19/top-10-python-libraries-of-2017/%0A",
  "self": "https://memgator.cs.odu.edu/timemap/json/https://tryolabs.com/blog/2017/12/19/top-10-python-libraries-of-2017/%0A",
  "mementos": {
    "list": [
      {
        "datetime": "2017-12-19T19:16:07Z",
        "uri": "http://web.archive.org/web/20171219191607/https://tryolabs.com/blog/2017/12/19/top-10-python-libraries-of-2017/"
      },
      {
        "datetime": "2017-12-20T10:50:09Z",
        "uri": "http://web.archive.org/web/20171220105009/https://tryolabs.com/blog/2017/12/19/top-10-python-libraries-of-2017/"
      },
      {
        "datetime": "2017-12-20T11:03:00Z",
        "uri": "http://web.archive.org/web/20171220110300/https://tryolabs.com/blog/2017/12/19/top-10-python-libraries-of-2017/"
      },
      {
        "datetime": "2017-12-20T11:15:20Z",
        "uri": "http://web.archive.org/web/20171220111520/https://tryolabs.com/blog/2017/12/19/top-10-python-libraries-of-2017/"
      },
      {
        "datetime": "2017-12-21T11:06:56Z",
        "uri": "http://web.archive.org/web/20171221110656/https://tryolabs.com/blog/2017/12/19/top-10-python-libraries-of-2017/"
      },
      {
        "datetime": "2017-12-28T23:34:09Z",
        "uri": "http://web.archive.org/web/20171228233409/https://tryolabs.com/blog/2017/12/19/top-10-python-libraries-of-2017/"
      },
      {
        "datetime": "2018-01-11T04:17:06Z",
        "uri": "http://web.archive.org/web/20180111041706/https://tryolabs.com/blog/2017/12/19/top-10-python-libraries-of-2017/"
      },
      {
        "datetime": "2018-01-11T04:31:46Z",
        "uri": "http://web.archive.org/web/20180111043146/https://tryolabs.com/blog/2017/12/19/top-10-python-libraries-of-2017/"
      },
      {
        "datetime": "2018-01-11T04:47:17Z",
        "uri": "http://web.archive.org/web/20180111044717/https://tryolabs.com/blog/2017/12/19/top-10-python-libraries-of-2017/"
      },
      {
        "datetime": "2018-01-11T05:02:34Z",
        "uri": "http://web.archive.org/web/20180111050234/https://tryolabs.com/blog/2017/12/19/top-10-python-libraries-of-2017/"
      },
      {
        "datetime": "2018-01-11T05:17:59Z",
        "uri": "http://web.archive.org/web/20180111051759/https://tryolabs.com/blog/2017/12/19/top-10-python-libraries-of-2017/"
      }
    ],
    "first": {
      "datetime": "2017-12-19T19:16:07Z",
      "uri": "http://web.archive.org/web/20171219191607/https://tryolabs.com/blog/2017/12/19/top-10-python-libraries-of-2017/"
    },
    "last": {
      "datetime": "2018-01-11T05:17:59Z",
      "uri": "http://web.archive.org/web/20180111051759/https://tryolabs.com/blog/2017/12/19/top-10-python-libraries-of-2017/"
    }
  },
  "timemap_uri": {
    "link_format": "https://memgator.cs.odu.edu/timemap/link/https://tryolabs.com/blog/2017/12/19/top-10-python-libraries-of-2017/%0A",
    "json_format": "https://memgator.cs.odu.edu/timemap/json/https://tryolabs.com/blog/2017/12/19/top-10-python-libraries-of-2017/%0A",
    "cdxj_format": "https://memgator.cs.odu.edu/timemap/cdxj/https://tryolabs.com/blog/2017/12/19/top-10-python-libraries-of-2017/%0A"
  },
  "timegate_uri": "https://memgator.cs.odu.edu/timegate/https://tryolabs.com/blog/2017/12/19/top-10-python-libraries-of-2017/%0A"
}
