{
  "original_uri": "https://pypi.python.org/pypi/Tashaphyne/%0A",
  "self": "https://memgator.cs.odu.edu/timemap/json/https://pypi.python.org/pypi/Tashaphyne/%0A",
  "mementos": {
    "list": [
      {
        "datetime": "2010-09-25T07:26:46Z",
        "uri": "http://web.archive.org/web/20100925072646/http://pypi.python.org:80/pypi/Tashaphyne/"
      },
      {
        "datetime": "2010-10-01T09:49:00Z",
        "uri": "http://web.archive.org/web/20101001094900/http://pypi.python.org:80/pypi/Tashaphyne"
      },
      {
        "datetime": "2010-11-24T14:45:58Z",
        "uri": "http://web.archive.org/web/20101124144558/http://pypi.python.org:80/pypi/Tashaphyne/"
      },
      {
        "datetime": "2010-11-26T13:48:12Z",
        "uri": "http://web.archive.org/web/20101126134812/http://pypi.python.org:80/pypi/Tashaphyne/"
      },
      {
        "datetime": "2011-01-27T20:39:47Z",
        "uri": "http://web.archive.org/web/20110127203947/http://pypi.python.org:80/pypi/Tashaphyne/"
      },
      {
        "datetime": "2011-05-30T11:41:18Z",
        "uri": "http://web.archive.org/web/20110530114118/http://pypi.python.org:80/pypi/Tashaphyne/"
      },
      {
        "datetime": "2011-06-28T14:17:41Z",
        "uri": "http://web.archive.org/web/20110628141741/http://pypi.python.org:80/pypi/Tashaphyne"
      },
      {
        "datetime": "2011-07-29T03:47:26Z",
        "uri": "http://web.archive.org/web/20110729034726/http://pypi.python.org:80/pypi/Tashaphyne"
      },
      {
        "datetime": "2011-07-30T06:52:40Z",
        "uri": "http://web.archive.org/web/20110730065240/http://pypi.python.org:80/pypi/Tashaphyne/"
      },
      {
        "datetime": "2011-08-28T21:58:45Z",
        "uri": "http://web.archive.org/web/20110828215845/http://pypi.python.org:80/pypi/Tashaphyne"
      },
      {
        "datetime": "2011-09-30T18:52:15Z",
        "uri": "http://web.archive.org/web/20110930185215/http://pypi.python.org:80/pypi/Tashaphyne/"
      },
      {
        "datetime": "2011-12-01T00:50:44Z",
        "uri": "http://web.archive.org/web/20111201005044/http://pypi.python.org:80/pypi/Tashaphyne"
      },
      {
        "datetime": "2011-12-01T10:43:22Z",
        "uri": "http://web.archive.org/web/20111201104322/http://pypi.python.org:80/pypi/Tashaphyne/"
      },
      {
        "datetime": "2011-12-31T10:51:47Z",
        "uri": "http://web.archive.org/web/20111231105147/http://pypi.python.org:80/pypi/Tashaphyne"
      },
      {
        "datetime": "2012-02-08T19:42:00Z",
        "uri": "http://web.archive.org/web/20120208194200/http://pypi.python.org:80/pypi/Tashaphyne"
      },
      {
        "datetime": "2012-04-05T17:35:57Z",
        "uri": "http://web.archive.org/web/20120405173557/http://pypi.python.org:80/pypi/Tashaphyne/"
      },
      {
        "datetime": "2012-04-08T16:10:21Z",
        "uri": "http://web.archive.org/web/20120408161021/http://pypi.python.org:80/pypi/Tashaphyne"
      },
      {
        "datetime": "2012-05-09T19:43:26Z",
        "uri": "http://web.archive.org/web/20120509194326/http://pypi.python.org:80/pypi/Tashaphyne"
      },
      {
        "datetime": "2012-06-05T05:45:30Z",
        "uri": "http://web.archive.org/web/20120605054530/http://pypi.python.org:80/pypi/Tashaphyne/"
      },
      {
        "datetime": "2012-06-09T10:45:30Z",
        "uri": "http://web.archive.org/web/20120609104530/http://pypi.python.org:80/pypi/Tashaphyne"
      },
      {
        "datetime": "2012-07-10T04:35:23Z",
        "uri": "http://web.archive.org/web/20120710043523/http://pypi.python.org:80/pypi/Tashaphyne"
      },
      {
        "datetime": "2012-08-05T00:26:31Z",
        "uri": "http://web.archive.org/web/20120805002631/http://pypi.python.org:80/pypi/Tashaphyne/"
      },
      {
        "datetime": "2012-08-10T01:49:59Z",
        "uri": "http://web.archive.org/web/20120810014959/http://pypi.python.org:80/pypi/Tashaphyne"
      },
      {
        "datetime": "2012-09-09T19:01:45Z",
        "uri": "http://web.archive.org/web/20120909190145/http://pypi.python.org:80/pypi/Tashaphyne"
      },
      {
        "datetime": "2012-10-05T23:30:08Z",
        "uri": "http://web.archive.org/web/20121005233008/http://pypi.python.org:80/pypi/Tashaphyne/"
      },
      {
        "datetime": "2012-12-05T08:39:21Z",
        "uri": "http://web.archive.org/web/20121205083921/http://pypi.python.org:80/pypi/Tashaphyne/"
      },
      {
        "datetime": "2013-01-14T03:24:58Z",
        "uri": "http://web.archive.org/web/20130114032458/http://pypi.python.org:80/pypi/Tashaphyne"
      },
      {
        "datetime": "2013-02-05T19:03:58Z",
        "uri": "http://web.archive.org/web/20130205190358/http://pypi.python.org:80/pypi/Tashaphyne/"
      },
      {
        "datetime": "2013-02-15T13:11:29Z",
        "uri": "http://web.archive.org/web/20130215131129/http://pypi.python.org:80/pypi/Tashaphyne"
      },
      {
        "datetime": "2013-02-15T21:31:33Z",
        "uri": "http://web.archive.org/web/20130215213133/http://pypi.python.org/pypi/Tashaphyne/"
      },
      {
        "datetime": "2013-03-18T18:21:11Z",
        "uri": "http://web.archive.org/web/20130318182111/http://pypi.python.org:80/pypi/Tashaphyne"
      },
      {
        "datetime": "2013-04-03T05:24:54Z",
        "uri": "http://web.archive.org/web/20130403052454/http://pypi.python.org/pypi/Tashaphyne/"
      },
      {
        "datetime": "2013-04-10T11:01:50Z",
        "uri": "http://web.archive.org/web/20130410110150/http://pypi.python.org:80/pypi/Tashaphyne/"
      },
      {
        "datetime": "2013-07-05T02:08:25Z",
        "uri": "http://web.archive.org/web/20130705020825/http://pypi.python.org:80/pypi/Tashaphyne/"
      },
      {
        "datetime": "2013-09-04T03:13:17Z",
        "uri": "http://web.archive.org/web/20130904031317/http://pypi.python.org:80/pypi/Tashaphyne/"
      },
      {
        "datetime": "2013-11-04T02:19:32Z",
        "uri": "http://web.archive.org/web/20131104021932/http://pypi.python.org:80/pypi/Tashaphyne/"
      },
      {
        "datetime": "2013-12-09T07:11:48Z",
        "uri": "http://web.archive.org/web/20131209071148/http://pypi.python.org/pypi/Tashaphyne/"
      },
      {
        "datetime": "2014-01-04T04:40:21Z",
        "uri": "http://web.archive.org/web/20140104044021/http://pypi.python.org:80/pypi/Tashaphyne/"
      },
      {
        "datetime": "2014-01-05T10:27:37Z",
        "uri": "http://web.archive.org/web/20140105102737/https://pypi.python.org/pypi/Tashaphyne/"
      },
      {
        "datetime": "2014-03-07T08:09:49Z",
        "uri": "http://web.archive.org/web/20140307080949/http://pypi.python.org:80/pypi/Tashaphyne/"
      },
      {
        "datetime": "2014-05-06T18:57:47Z",
        "uri": "http://web.archive.org/web/20140506185747/http://pypi.python.org:80/pypi/Tashaphyne/"
      },
      {
        "datetime": "2014-06-25T12:10:03Z",
        "uri": "http://web.archive.org/web/20140625121003/http://pypi.python.org/pypi/Tashaphyne/"
      },
      {
        "datetime": "2014-06-26T17:31:18Z",
        "uri": "http://web.archive.org/web/20140626173118/https://pypi.python.org/pypi/Tashaphyne/"
      },
      {
        "datetime": "2014-07-06T15:53:30Z",
        "uri": "http://web.archive.org/web/20140706155330/http://pypi.python.org:80/pypi/Tashaphyne/"
      },
      {
        "datetime": "2014-07-11T00:55:35Z",
        "uri": "http://web.archive.org/web/20140711005535/https://pypi.python.org/pypi/Tashaphyne"
      },
      {
        "datetime": "2014-09-06T06:34:07Z",
        "uri": "http://web.archive.org/web/20140906063407/http://pypi.python.org:80/pypi/Tashaphyne/"
      },
      {
        "datetime": "2014-11-06T02:05:33Z",
        "uri": "http://web.archive.org/web/20141106020533/http://pypi.python.org:80/pypi/Tashaphyne/"
      },
      {
        "datetime": "2015-01-05T18:07:21Z",
        "uri": "http://web.archive.org/web/20150105180721/http://pypi.python.org:80/pypi/Tashaphyne/"
      },
      {
        "datetime": "2015-02-06T00:10:20Z",
        "uri": "http://web.archive.org/web/20150206001020/http://pypi.python.org:80/pypi/Tashaphyne/"
      },
      {
        "datetime": "2015-02-21T19:22:22Z",
        "uri": "http://web.archive.org/web/20150221192222/http://pypi.python.org/pypi/Tashaphyne/"
      },
      {
        "datetime": "2015-03-15T06:36:48Z",
        "uri": "http://web.archive.org/web/20150315063648/http://pypi.python.org/pypi/Tashaphyne/"
      },
      {
        "datetime": "2015-04-07T12:48:04Z",
        "uri": "http://web.archive.org/web/20150407124804/http://pypi.python.org:80/pypi/Tashaphyne/"
      },
      {
        "datetime": "2015-08-07T07:57:01Z",
        "uri": "http://web.archive.org/web/20150807075701/http://pypi.python.org:80/pypi/Tashaphyne/"
      },
      {
        "datetime": "2015-10-07T12:00:24Z",
        "uri": "http://web.archive.org/web/20151007120024/http://pypi.python.org:80/pypi/Tashaphyne/"
      },
      {
        "datetime": "2015-12-07T21:27:55Z",
        "uri": "http://web.archive.org/web/20151207212755/http://pypi.python.org:80/pypi/Tashaphyne/"
      },
      {
        "datetime": "2016-02-06T12:00:52Z",
        "uri": "http://web.archive.org/web/20160206120052/http://pypi.python.org:80/pypi/Tashaphyne/"
      },
      {
        "datetime": "2016-03-24T20:52:21Z",
        "uri": "http://web.archive.org/web/20160324205221/http://pypi.python.org/pypi/Tashaphyne/"
      },
      {
        "datetime": "2016-04-08T02:23:52Z",
        "uri": "http://web.archive.org/web/20160408022352/http://pypi.python.org:80/pypi/Tashaphyne/"
      },
      {
        "datetime": "2016-04-08T10:28:33Z",
        "uri": "http://web.archive.org/web/20160408102833/http://pypi.python.org/pypi/Tashaphyne/"
      },
      {
        "datetime": "2016-05-19T01:51:04Z",
        "uri": "http://web.archive.org/web/20160519015104/https://pypi.python.org/pypi/Tashaphyne/"
      },
      {
        "datetime": "2016-06-07T22:49:03Z",
        "uri": "http://web.archive.org/web/20160607224903/http://pypi.python.org:80/pypi/Tashaphyne/"
      },
      {
        "datetime": "2016-08-07T19:26:30Z",
        "uri": "http://web.archive.org/web/20160807192630/http://pypi.python.org:80/pypi/Tashaphyne/"
      },
      {
        "datetime": "2016-10-07T16:55:05Z",
        "uri": "http://web.archive.org/web/20161007165505/http://pypi.python.org:80/pypi/Tashaphyne/"
      },
      {
        "datetime": "2016-10-24T14:47:35Z",
        "uri": "http://web.archive.org/web/20161024144735/http://pypi.python.org/pypi/Tashaphyne/"
      },
      {
        "datetime": "2016-11-14T06:34:46Z",
        "uri": "http://web.archive.org/web/20161114063446/http://pypi.python.org:80/pypi/Tashaphyne"
      },
      {
        "datetime": "2016-11-19T00:46:19Z",
        "uri": "http://web.archive.org/web/20161119004619/http://pypi.python.org:80/pypi/Tashaphyne/"
      },
      {
        "datetime": "2017-01-18T18:18:47Z",
        "uri": "http://web.archive.org/web/20170118181847/http://pypi.python.org:80/pypi/Tashaphyne/"
      },
      {
        "datetime": "2017-02-05T21:34:14Z",
        "uri": "http://web.archive.org/web/20170205213414/https://pypi.python.org/pypi/Tashaphyne/"
      },
      {
        "datetime": "2017-05-05T19:11:49Z",
        "uri": "http://web.archive.org/web/20170505191149/http://pypi.python.org:80/pypi/Tashaphyne/"
      },
      {
        "datetime": "2017-07-05T06:03:35Z",
        "uri": "http://web.archive.org/web/20170705060335/http://pypi.python.org:80/pypi/Tashaphyne/"
      }
    ],
    "first": {
      "datetime": "2010-09-25T07:26:46Z",
      "uri": "http://web.archive.org/web/20100925072646/http://pypi.python.org:80/pypi/Tashaphyne/"
    },
    "last": {
      "datetime": "2017-07-05T06:03:35Z",
      "uri": "http://web.archive.org/web/20170705060335/http://pypi.python.org:80/pypi/Tashaphyne/"
    }
  },
  "timemap_uri": {
    "link_format": "https://memgator.cs.odu.edu/timemap/link/https://pypi.python.org/pypi/Tashaphyne/%0A",
    "json_format": "https://memgator.cs.odu.edu/timemap/json/https://pypi.python.org/pypi/Tashaphyne/%0A",
    "cdxj_format": "https://memgator.cs.odu.edu/timemap/cdxj/https://pypi.python.org/pypi/Tashaphyne/%0A"
  },
  "timegate_uri": "https://memgator.cs.odu.edu/timegate/https://pypi.python.org/pypi/Tashaphyne/%0A"
}
