{
  "original_uri": "http://bit.ly/2qYkRVM%0A",
  "self": "https://memgator.cs.odu.edu/timemap/json/http://bit.ly/2qYkRVM%0A",
  "mementos": {
    "list": [
      {
        "datetime": "2017-09-09T08:17:16Z",
        "uri": "http://web.archive.org/web/20170909081716/http://bit.ly/2qYkRVM"
      },
      {
        "datetime": "2017-10-05T07:35:20Z",
        "uri": "http://web.archive.org/web/20171005073520/http://bit.ly/2qYkRVM"
      }
    ],
    "first": {
      "datetime": "2017-09-09T08:17:16Z",
      "uri": "http://web.archive.org/web/20170909081716/http://bit.ly/2qYkRVM"
    },
    "last": {
      "datetime": "2017-10-05T07:35:20Z",
      "uri": "http://web.archive.org/web/20171005073520/http://bit.ly/2qYkRVM"
    }
  },
  "timemap_uri": {
    "link_format": "https://memgator.cs.odu.edu/timemap/link/http://bit.ly/2qYkRVM%0A",
    "json_format": "https://memgator.cs.odu.edu/timemap/json/http://bit.ly/2qYkRVM%0A",
    "cdxj_format": "https://memgator.cs.odu.edu/timemap/cdxj/http://bit.ly/2qYkRVM%0A"
  },
  "timegate_uri": "https://memgator.cs.odu.edu/timegate/http://bit.ly/2qYkRVM%0A"
}
