{
  "original_uri": "https://goo.gl/svkzwa%0A",
  "self": "https://memgator.cs.odu.edu/timemap/json/https://goo.gl/svkzwa%0A",
  "mementos": {
    "list": [
      {
        "datetime": "2017-09-05T21:58:00Z",
        "uri": "http://web.archive.org/web/20170905215800/https://goo.gl/svkzwa"
      }
    ],
    "first": {
      "datetime": "2017-09-05T21:58:00Z",
      "uri": "http://web.archive.org/web/20170905215800/https://goo.gl/svkzwa"
    },
    "last": {
      "datetime": "2017-09-05T21:58:00Z",
      "uri": "http://web.archive.org/web/20170905215800/https://goo.gl/svkzwa"
    }
  },
  "timemap_uri": {
    "link_format": "https://memgator.cs.odu.edu/timemap/link/https://goo.gl/svkzwa%0A",
    "json_format": "https://memgator.cs.odu.edu/timemap/json/https://goo.gl/svkzwa%0A",
    "cdxj_format": "https://memgator.cs.odu.edu/timemap/cdxj/https://goo.gl/svkzwa%0A"
  },
  "timegate_uri": "https://memgator.cs.odu.edu/timegate/https://goo.gl/svkzwa%0A"
}
