{
  "original_uri": "https://iamtrask.github.io/2015/07/12/basic-python-network/%0A",
  "self": "https://memgator.cs.odu.edu/timemap/json/https://iamtrask.github.io/2015/07/12/basic-python-network/%0A",
  "mementos": {
    "list": [
      {
        "datetime": "2015-07-14T23:50:34Z",
        "uri": "http://web.archive.org/web/20150714235034/http://iamtrask.github.io/2015/07/12/basic-python-network/"
      },
      {
        "datetime": "2015-07-15T00:15:41Z",
        "uri": "http://web.archive.org/web/20150715001541/http://iamtrask.github.io/2015/07/12/basic-python-network/"
      },
      {
        "datetime": "2015-07-16T23:47:26Z",
        "uri": "http://web.archive.org/web/20150716234726/http://iamtrask.github.io:80/2015/07/12/basic-python-network/"
      },
      {
        "datetime": "2015-07-16T23:47:26Z",
        "uri": "http://web.archive.org/web/20150716234726/http://iamtrask.github.io:80/2015/07/12/basic-python-network"
      },
      {
        "datetime": "2015-07-16T23:47:31Z",
        "uri": "http://web.archive.org/web/20150716234731/http://iamtrask.github.io:80/2015/07/12/basic-python-network/?"
      },
      {
        "datetime": "2015-07-23T16:37:45Z",
        "uri": "http://web.archive.org/web/20150723163745/http://iamtrask.github.io:80/2015/07/12/basic-python-network/"
      },
      {
        "datetime": "2015-07-23T16:37:45Z",
        "uri": "http://web.archive.org/web/20150723163745/http://iamtrask.github.io:80/2015/07/12/basic-python-network"
      },
      {
        "datetime": "2015-07-27T01:13:52Z",
        "uri": "http://web.archive.org/web/20150727011352/http://iamtrask.github.io:80/2015/07/12/basic-python-network/?"
      },
      {
        "datetime": "2015-08-03T01:30:10Z",
        "uri": "http://web.archive.org/web/20150803013010/http://iamtrask.github.io:80/2015/07/12/basic-python-network/?"
      },
      {
        "datetime": "2015-08-04T06:12:03Z",
        "uri": "http://web.archive.org/web/20150804061203/http://iamtrask.github.io:80/2015/07/12/basic-python-network/"
      },
      {
        "datetime": "2015-08-04T06:12:03Z",
        "uri": "http://web.archive.org/web/20150804061203/http://iamtrask.github.io:80/2015/07/12/basic-python-network"
      },
      {
        "datetime": "2015-08-13T00:31:17Z",
        "uri": "http://web.archive.org/web/20150813003117/http://iamtrask.github.io:80/2015/07/12/basic-python-network/"
      },
      {
        "datetime": "2015-08-13T00:31:17Z",
        "uri": "http://web.archive.org/web/20150813003117/http://iamtrask.github.io:80/2015/07/12/basic-python-network"
      },
      {
        "datetime": "2015-08-22T21:39:04Z",
        "uri": "http://web.archive.org/web/20150822213904/http://iamtrask.github.io:80/2015/07/12/basic-python-network/?"
      },
      {
        "datetime": "2015-08-27T06:33:51Z",
        "uri": "http://web.archive.org/web/20150827063351/http://iamtrask.github.io:80/2015/07/12/basic-python-network/"
      },
      {
        "datetime": "2015-08-27T06:33:51Z",
        "uri": "http://web.archive.org/web/20150827063351/http://iamtrask.github.io:80/2015/07/12/basic-python-network"
      },
      {
        "datetime": "2015-09-05T05:39:02Z",
        "uri": "http://web.archive.org/web/20150905053902/http://iamtrask.github.io:80/2015/07/12/basic-python-network/?"
      },
      {
        "datetime": "2015-09-06T00:18:04Z",
        "uri": "http://web.archive.org/web/20150906001804/http://iamtrask.github.io/2015/07/12/basic-python-network/"
      },
      {
        "datetime": "2015-09-06T16:38:50Z",
        "uri": "http://web.archive.org/web/20150906163850/http://iamtrask.github.io:80/2015/07/12/basic-python-network/"
      },
      {
        "datetime": "2015-09-06T16:38:50Z",
        "uri": "http://web.archive.org/web/20150906163850/http://iamtrask.github.io:80/2015/07/12/basic-python-network"
      },
      {
        "datetime": "2015-09-18T16:12:56Z",
        "uri": "http://web.archive.org/web/20150918161256/http://iamtrask.github.io:80/2015/07/12/basic-python-network/"
      },
      {
        "datetime": "2015-09-18T18:41:46Z",
        "uri": "http://web.archive.org/web/20150918184146/http://iamtrask.github.io:80/2015/07/12/basic-python-network/"
      },
      {
        "datetime": "2015-09-18T18:41:46Z",
        "uri": "http://web.archive.org/web/20150918184146/http://iamtrask.github.io:80/2015/07/12/basic-python-network"
      },
      {
        "datetime": "2015-09-27T21:17:26Z",
        "uri": "http://web.archive.org/web/20150927211726/http://iamtrask.github.io:80/2015/07/12/basic-python-network/?"
      },
      {
        "datetime": "2015-09-29T05:58:13Z",
        "uri": "http://web.archive.org/web/20150929055813/http://iamtrask.github.io:80/2015/07/12/basic-python-network/"
      },
      {
        "datetime": "2015-09-29T05:58:13Z",
        "uri": "http://web.archive.org/web/20150929055813/http://iamtrask.github.io:80/2015/07/12/basic-python-network"
      },
      {
        "datetime": "2015-10-11T08:41:21Z",
        "uri": "http://web.archive.org/web/20151011084121/http://iamtrask.github.io:80/2015/07/12/basic-python-network/"
      },
      {
        "datetime": "2015-10-11T08:41:21Z",
        "uri": "http://web.archive.org/web/20151011084121/http://iamtrask.github.io:80/2015/07/12/basic-python-network"
      },
      {
        "datetime": "2015-10-23T05:23:54Z",
        "uri": "http://web.archive.org/web/20151023052354/http://iamtrask.github.io:80/2015/07/12/basic-python-network/"
      },
      {
        "datetime": "2015-10-23T05:23:54Z",
        "uri": "http://web.archive.org/web/20151023052354/http://iamtrask.github.io:80/2015/07/12/basic-python-network"
      },
      {
        "datetime": "2015-10-28T20:05:31Z",
        "uri": "http://web.archive.org/web/20151028200531/http://iamtrask.github.io:80/2015/07/12/basic-python-network/?"
      },
      {
        "datetime": "2015-10-30T15:34:18Z",
        "uri": "http://web.archive.org/web/20151030153418/http://iamtrask.github.io/2015/07/12/basic-python-network/"
      },
      {
        "datetime": "2015-10-31T16:36:49Z",
        "uri": "http://web.archive.org/web/20151031163649/http://iamtrask.github.io/2015/07/12/basic-python-network/"
      },
      {
        "datetime": "2015-11-01T18:24:09Z",
        "uri": "http://web.archive.org/web/20151101182409/http://iamtrask.github.io/2015/07/12/basic-python-network/"
      },
      {
        "datetime": "2015-11-02T20:19:02Z",
        "uri": "http://web.archive.org/web/20151102201902/http://iamtrask.github.io/2015/07/12/basic-python-network/"
      },
      {
        "datetime": "2015-11-03T19:49:26Z",
        "uri": "http://web.archive.org/web/20151103194926/http://iamtrask.github.io/2015/07/12/basic-python-network/"
      },
      {
        "datetime": "2015-11-04T09:36:28Z",
        "uri": "http://web.archive.org/web/20151104093628/http://iamtrask.github.io:80/2015/07/12/basic-python-network/"
      },
      {
        "datetime": "2015-11-04T09:36:28Z",
        "uri": "http://web.archive.org/web/20151104093628/http://iamtrask.github.io:80/2015/07/12/basic-python-network"
      },
      {
        "datetime": "2015-11-04T21:09:29Z",
        "uri": "http://web.archive.org/web/20151104210929/http://iamtrask.github.io/2015/07/12/basic-python-network/"
      },
      {
        "datetime": "2015-11-06T08:50:18Z",
        "uri": "http://web.archive.org/web/20151106085018/http://iamtrask.github.io/2015/07/12/basic-python-network/"
      },
      {
        "datetime": "2015-11-07T10:10:54Z",
        "uri": "http://web.archive.org/web/20151107101054/http://iamtrask.github.io/2015/07/12/basic-python-network/"
      },
      {
        "datetime": "2015-11-08T11:20:56Z",
        "uri": "http://web.archive.org/web/20151108112056/http://iamtrask.github.io/2015/07/12/basic-python-network/"
      },
      {
        "datetime": "2015-11-09T12:43:38Z",
        "uri": "http://web.archive.org/web/20151109124338/http://iamtrask.github.io/2015/07/12/basic-python-network/"
      },
      {
        "datetime": "2015-11-10T14:50:34Z",
        "uri": "http://web.archive.org/web/20151110145034/http://iamtrask.github.io/2015/07/12/basic-python-network/"
      },
      {
        "datetime": "2015-11-12T16:13:56Z",
        "uri": "http://web.archive.org/web/20151112161356/http://iamtrask.github.io/2015/07/12/basic-python-network/"
      },
      {
        "datetime": "2015-11-16T13:29:12Z",
        "uri": "http://web.archive.org/web/20151116132912/http://iamtrask.github.io:80/2015/07/12/basic-python-network/"
      },
      {
        "datetime": "2015-11-16T13:29:12Z",
        "uri": "http://web.archive.org/web/20151116132912/http://iamtrask.github.io:80/2015/07/12/basic-python-network"
      },
      {
        "datetime": "2015-11-18T06:03:29Z",
        "uri": "http://web.archive.org/web/20151118060329/http://iamtrask.github.io:80/2015/07/12/basic-python-network/"
      },
      {
        "datetime": "2015-11-18T23:14:17Z",
        "uri": "http://web.archive.org/web/20151118231417/http://iamtrask.github.io/2015/07/12/basic-python-network/"
      },
      {
        "datetime": "2015-11-20T01:09:20Z",
        "uri": "http://web.archive.org/web/20151120010920/http://iamtrask.github.io/2015/07/12/basic-python-network/"
      },
      {
        "datetime": "2015-11-22T03:58:05Z",
        "uri": "http://web.archive.org/web/20151122035805/http://iamtrask.github.io/2015/07/12/basic-python-network/"
      },
      {
        "datetime": "2015-11-23T05:47:56Z",
        "uri": "http://web.archive.org/web/20151123054756/http://iamtrask.github.io/2015/07/12/basic-python-network/"
      },
      {
        "datetime": "2015-11-24T06:51:30Z",
        "uri": "http://web.archive.org/web/20151124065130/http://iamtrask.github.io/2015/07/12/basic-python-network/"
      },
      {
        "datetime": "2015-11-25T08:18:24Z",
        "uri": "http://web.archive.org/web/20151125081824/http://iamtrask.github.io/2015/07/12/basic-python-network/"
      },
      {
        "datetime": "2015-11-27T05:48:04Z",
        "uri": "http://web.archive.org/web/20151127054804/http://iamtrask.github.io:80/2015/07/12/basic-python-network/"
      },
      {
        "datetime": "2015-11-27T05:48:04Z",
        "uri": "http://web.archive.org/web/20151127054804/http://iamtrask.github.io:80/2015/07/12/basic-python-network"
      },
      {
        "datetime": "2015-11-28T12:41:53Z",
        "uri": "http://web.archive.org/web/20151128124153/http://iamtrask.github.io:80/2015/07/12/basic-python-network/?"
      },
      {
        "datetime": "2015-11-29T14:13:43Z",
        "uri": "http://web.archive.org/web/20151129141343/http://iamtrask.github.io/2015/07/12/basic-python-network/"
      },
      {
        "datetime": "2015-12-02T16:31:56Z",
        "uri": "http://web.archive.org/web/20151202163156/http://iamtrask.github.io/2015/07/12/basic-python-network/"
      },
      {
        "datetime": "2015-12-05T22:13:21Z",
        "uri": "http://web.archive.org/web/20151205221321/http://iamtrask.github.io/2015/07/12/basic-python-network/"
      },
      {
        "datetime": "2015-12-07T02:08:33Z",
        "uri": "http://web.archive.org/web/20151207020833/http://iamtrask.github.io/2015/07/12/basic-python-network/"
      },
      {
        "datetime": "2015-12-08T04:16:54Z",
        "uri": "http://web.archive.org/web/20151208041654/http://iamtrask.github.io/2015/07/12/basic-python-network/"
      },
      {
        "datetime": "2015-12-08T09:42:05Z",
        "uri": "http://web.archive.org/web/20151208094205/http://iamtrask.github.io:80/2015/07/12/basic-python-network/"
      },
      {
        "datetime": "2015-12-08T09:42:05Z",
        "uri": "http://web.archive.org/web/20151208094205/http://iamtrask.github.io:80/2015/07/12/basic-python-network"
      },
      {
        "datetime": "2015-12-10T06:48:52Z",
        "uri": "http://web.archive.org/web/20151210064852/http://iamtrask.github.io/2015/07/12/basic-python-network/"
      },
      {
        "datetime": "2015-12-15T10:10:37Z",
        "uri": "http://web.archive.org/web/20151215101037/http://iamtrask.github.io/2015/07/12/basic-python-network/"
      },
      {
        "datetime": "2015-12-17T14:30:35Z",
        "uri": "http://web.archive.org/web/20151217143035/http://iamtrask.github.io/2015/07/12/basic-python-network/"
      },
      {
        "datetime": "2015-12-18T17:27:38Z",
        "uri": "http://web.archive.org/web/20151218172738/http://iamtrask.github.io/2015/07/12/basic-python-network/"
      },
      {
        "datetime": "2015-12-20T12:34:30Z",
        "uri": "http://web.archive.org/web/20151220123430/http://iamtrask.github.io:80/2015/07/12/basic-python-network/"
      },
      {
        "datetime": "2015-12-20T12:34:30Z",
        "uri": "http://web.archive.org/web/20151220123430/http://iamtrask.github.io:80/2015/07/12/basic-python-network"
      },
      {
        "datetime": "2015-12-29T07:42:33Z",
        "uri": "http://web.archive.org/web/20151229074233/http://iamtrask.github.io:80/2015/07/12/basic-python-network/?"
      },
      {
        "datetime": "2015-12-29T19:40:06Z",
        "uri": "http://web.archive.org/web/20151229194006/http://iamtrask.github.io/2015/07/12/basic-python-network/"
      },
      {
        "datetime": "2015-12-30T20:49:59Z",
        "uri": "http://web.archive.org/web/20151230204959/http://iamtrask.github.io/2015/07/12/basic-python-network/"
      },
      {
        "datetime": "2015-12-31T22:28:52Z",
        "uri": "http://web.archive.org/web/20151231222852/http://iamtrask.github.io/2015/07/12/basic-python-network/"
      },
      {
        "datetime": "2016-01-01T23:40:05Z",
        "uri": "http://web.archive.org/web/20160101234005/http://iamtrask.github.io/2015/07/12/basic-python-network/"
      },
      {
        "datetime": "2016-01-02T20:39:24Z",
        "uri": "http://web.archive.org/web/20160102203924/http://iamtrask.github.io:80/2015/07/12/basic-python-network/"
      },
      {
        "datetime": "2016-01-02T20:39:24Z",
        "uri": "http://web.archive.org/web/20160102203924/http://iamtrask.github.io:80/2015/07/12/basic-python-network"
      },
      {
        "datetime": "2016-01-05T05:33:27Z",
        "uri": "http://web.archive.org/web/20160105053327/http://iamtrask.github.io/2015/07/12/basic-python-network/"
      },
      {
        "datetime": "2016-01-06T07:24:34Z",
        "uri": "http://web.archive.org/web/20160106072434/http://iamtrask.github.io/2015/07/12/basic-python-network/"
      },
      {
        "datetime": "2016-01-07T08:59:27Z",
        "uri": "http://web.archive.org/web/20160107085927/http://iamtrask.github.io/2015/07/12/basic-python-network/"
      },
      {
        "datetime": "2016-01-08T10:54:13Z",
        "uri": "http://web.archive.org/web/20160108105413/http://iamtrask.github.io/2015/07/12/basic-python-network/"
      },
      {
        "datetime": "2016-01-11T08:52:46Z",
        "uri": "http://web.archive.org/web/20160111085246/https://iamtrask.github.io/2015/07/12/basic-python-network/"
      },
      {
        "datetime": "2016-01-11T18:59:20Z",
        "uri": "http://web.archive.org/web/20160111185920/http://iamtrask.github.io/2015/07/12/basic-python-network/"
      },
      {
        "datetime": "2016-01-14T02:16:35Z",
        "uri": "http://web.archive.org/web/20160114021635/http://iamtrask.github.io/2015/07/12/basic-python-network/"
      },
      {
        "datetime": "2016-01-16T22:35:13Z",
        "uri": "http://web.archive.org/web/20160116223513/http://iamtrask.github.io:80/2015/07/12/basic-python-network/"
      },
      {
        "datetime": "2016-01-16T22:35:13Z",
        "uri": "http://web.archive.org/web/20160116223513/http://iamtrask.github.io:80/2015/07/12/basic-python-network"
      },
      {
        "datetime": "2016-01-17T09:58:49Z",
        "uri": "http://web.archive.org/web/20160117095849/http://iamtrask.github.io:80/2015/07/12/basic-python-network/"
      },
      {
        "datetime": "2016-01-17T09:58:49Z",
        "uri": "http://web.archive.org/web/20160117095849/http://iamtrask.github.io:80/2015/07/12/basic-python-network"
      },
      {
        "datetime": "2016-01-21T11:48:43Z",
        "uri": "http://web.archive.org/web/20160121114843/http://iamtrask.github.io/2015/07/12/basic-python-network/"
      },
      {
        "datetime": "2016-01-26T15:36:59Z",
        "uri": "http://web.archive.org/web/20160126153659/http://iamtrask.github.io/2015/07/12/basic-python-network/"
      },
      {
        "datetime": "2016-01-28T08:44:44Z",
        "uri": "http://web.archive.org/web/20160128084444/http://iamtrask.github.io/2015/07/12/basic-python-network/"
      },
      {
        "datetime": "2016-01-29T10:12:05Z",
        "uri": "http://web.archive.org/web/20160129101205/http://iamtrask.github.io/2015/07/12/basic-python-network/"
      },
      {
        "datetime": "2016-01-29T10:47:20Z",
        "uri": "http://web.archive.org/web/20160129104720/http://iamtrask.github.io:80/2015/07/12/basic-python-network/?"
      },
      {
        "datetime": "2016-01-29T15:16:03Z",
        "uri": "http://web.archive.org/web/20160129151603/http://iamtrask.github.io:80/2015/07/12/basic-python-network/"
      },
      {
        "datetime": "2016-01-29T15:16:03Z",
        "uri": "http://web.archive.org/web/20160129151603/http://iamtrask.github.io:80/2015/07/12/basic-python-network"
      },
      {
        "datetime": "2016-01-30T09:24:51Z",
        "uri": "http://web.archive.org/web/20160130092451/http://iamtrask.github.io/2015/07/12/basic-python-network/"
      },
      {
        "datetime": "2016-01-31T09:43:16Z",
        "uri": "http://web.archive.org/web/20160131094316/http://iamtrask.github.io/2015/07/12/basic-python-network/"
      },
      {
        "datetime": "2016-02-01T03:01:37Z",
        "uri": "http://web.archive.org/web/20160201030137/http://iamtrask.github.io/2015/07/12/basic-python-network/"
      },
      {
        "datetime": "2016-02-06T03:45:24Z",
        "uri": "http://web.archive.org/web/20160206034524/http://iamtrask.github.io/2015/07/12/basic-python-network/"
      },
      {
        "datetime": "2016-02-07T06:52:00Z",
        "uri": "http://web.archive.org/web/20160207065200/http://iamtrask.github.io/2015/07/12/basic-python-network/"
      },
      {
        "datetime": "2016-02-08T08:35:13Z",
        "uri": "http://web.archive.org/web/20160208083513/http://iamtrask.github.io/2015/07/12/basic-python-network/"
      },
      {
        "datetime": "2016-02-09T13:13:27Z",
        "uri": "http://web.archive.org/web/20160209131327/http://iamtrask.github.io/2015/07/12/basic-python-network/"
      },
      {
        "datetime": "2016-02-10T13:53:18Z",
        "uri": "http://web.archive.org/web/20160210135318/http://iamtrask.github.io/2015/07/12/basic-python-network/"
      },
      {
        "datetime": "2016-02-14T03:12:51Z",
        "uri": "http://web.archive.org/web/20160214031251/http://iamtrask.github.io:80/2015/07/12/basic-python-network/"
      },
      {
        "datetime": "2016-02-14T03:12:51Z",
        "uri": "http://web.archive.org/web/20160214031251/http://iamtrask.github.io:80/2015/07/12/basic-python-network"
      },
      {
        "datetime": "2016-02-16T03:40:36Z",
        "uri": "http://web.archive.org/web/20160216034036/http://iamtrask.github.io/2015/07/12/basic-python-network/"
      },
      {
        "datetime": "2016-02-18T07:57:40Z",
        "uri": "http://web.archive.org/web/20160218075740/http://iamtrask.github.io/2015/07/12/basic-python-network/"
      },
      {
        "datetime": "2016-02-23T08:47:52Z",
        "uri": "http://web.archive.org/web/20160223084752/http://iamtrask.github.io/2015/07/12/basic-python-network/"
      },
      {
        "datetime": "2016-02-24T10:41:07Z",
        "uri": "http://web.archive.org/web/20160224104107/http://iamtrask.github.io/2015/07/12/basic-python-network/"
      },
      {
        "datetime": "2016-02-25T08:23:13Z",
        "uri": "http://web.archive.org/web/20160225082313/http://iamtrask.github.io/2015/07/12/basic-python-network/"
      },
      {
        "datetime": "2016-02-25T12:17:40Z",
        "uri": "http://web.archive.org/web/20160225121740/http://iamtrask.github.io/2015/07/12/basic-python-network/"
      },
      {
        "datetime": "2016-02-26T13:58:59Z",
        "uri": "http://web.archive.org/web/20160226135859/http://iamtrask.github.io/2015/07/12/basic-python-network/"
      },
      {
        "datetime": "2016-02-28T04:19:44Z",
        "uri": "http://web.archive.org/web/20160228041944/https://iamtrask.github.io/2015/07/12/basic-python-network/"
      },
      {
        "datetime": "2016-02-28T04:20:04Z",
        "uri": "http://web.archive.org/web/20160228042004/http://iamtrask.github.io/2015/07/12/basic-python-network/"
      },
      {
        "datetime": "2016-02-29T12:50:22Z",
        "uri": "http://web.archive.org/web/20160229125022/http://iamtrask.github.io:80/2015/07/12/basic-python-network/?"
      },
      {
        "datetime": "2016-02-29T14:40:35Z",
        "uri": "http://web.archive.org/web/20160229144035/http://iamtrask.github.io:80/2015/07/12/basic-python-network/"
      },
      {
        "datetime": "2016-02-29T14:40:35Z",
        "uri": "http://web.archive.org/web/20160229144035/http://iamtrask.github.io:80/2015/07/12/basic-python-network"
      },
      {
        "datetime": "2016-03-03T03:28:30Z",
        "uri": "http://web.archive.org/web/20160303032830/http://iamtrask.github.io/2015/07/12/basic-python-network/"
      },
      {
        "datetime": "2016-03-04T03:23:19Z",
        "uri": "http://web.archive.org/web/20160304032319/http://iamtrask.github.io/2015/07/12/basic-python-network/"
      },
      {
        "datetime": "2016-03-04T06:52:12Z",
        "uri": "http://web.archive.org/web/20160304065212/http://iamtrask.github.io/2015/07/12/basic-python-network/"
      },
      {
        "datetime": "2016-03-04T10:03:55Z",
        "uri": "http://web.archive.org/web/20160304100355/http://iamtrask.github.io/2015/07/12/basic-python-network/"
      },
      {
        "datetime": "2016-03-11T18:59:02Z",
        "uri": "http://web.archive.org/web/20160311185902/http://iamtrask.github.io/2015/07/12/basic-python-network/"
      },
      {
        "datetime": "2016-03-12T01:23:21Z",
        "uri": "http://web.archive.org/web/20160312012321/https://iamtrask.github.io//2015/07/12/basic-python-network/"
      },
      {
        "datetime": "2016-03-12T07:30:42Z",
        "uri": "http://web.archive.org/web/20160312073042/https://iamtrask.github.io/2015/07/12/basic-python-network/"
      },
      {
        "datetime": "2016-03-13T22:53:56Z",
        "uri": "http://web.archive.org/web/20160313225356/http://iamtrask.github.io:80/2015/07/12/basic-python-network/"
      },
      {
        "datetime": "2016-03-13T22:53:56Z",
        "uri": "http://web.archive.org/web/20160313225356/http://iamtrask.github.io:80/2015/07/12/basic-python-network"
      },
      {
        "datetime": "2016-03-16T04:53:19Z",
        "uri": "http://web.archive.org/web/20160316045319/http://iamtrask.github.io/2015/07/12/basic-python-network/"
      },
      {
        "datetime": "2016-03-17T07:39:08Z",
        "uri": "http://web.archive.org/web/20160317073908/http://iamtrask.github.io/2015/07/12/basic-python-network/"
      },
      {
        "datetime": "2016-03-18T12:13:09Z",
        "uri": "http://web.archive.org/web/20160318121309/http://iamtrask.github.io/2015/07/12/basic-python-network/"
      },
      {
        "datetime": "2016-03-19T14:30:13Z",
        "uri": "http://web.archive.org/web/20160319143013/http://iamtrask.github.io/2015/07/12/basic-python-network/"
      },
      {
        "datetime": "2016-03-20T15:55:10Z",
        "uri": "http://web.archive.org/web/20160320155510/http://iamtrask.github.io/2015/07/12/basic-python-network/"
      },
      {
        "datetime": "2016-03-21T19:53:46Z",
        "uri": "http://web.archive.org/web/20160321195346/http://iamtrask.github.io/2015/07/12/basic-python-network/"
      },
      {
        "datetime": "2016-03-23T23:20:21Z",
        "uri": "http://web.archive.org/web/20160323232021/http://iamtrask.github.io/2015/07/12/basic-python-network/"
      },
      {
        "datetime": "2016-03-25T09:44:24Z",
        "uri": "http://web.archive.org/web/20160325094424/http://iamtrask.github.io/2015/07/12/basic-python-network/"
      },
      {
        "datetime": "2016-03-25T20:02:59Z",
        "uri": "http://web.archive.org/web/20160325200259/http://iamtrask.github.io:80/2015/07/12/basic-python-network/"
      },
      {
        "datetime": "2016-03-25T20:02:59Z",
        "uri": "http://web.archive.org/web/20160325200259/http://iamtrask.github.io:80/2015/07/12/basic-python-network"
      },
      {
        "datetime": "2016-03-27T15:53:29Z",
        "uri": "http://web.archive.org/web/20160327155329/http://iamtrask.github.io/2015/07/12/basic-python-network/"
      },
      {
        "datetime": "2016-03-28T22:44:38Z",
        "uri": "http://web.archive.org/web/20160328224438/http://iamtrask.github.io/2015/07/12/basic-python-network/"
      },
      {
        "datetime": "2016-03-30T01:45:47Z",
        "uri": "http://web.archive.org/web/20160330014547/http://iamtrask.github.io/2015/07/12/basic-python-network/"
      },
      {
        "datetime": "2016-03-31T03:56:10Z",
        "uri": "http://web.archive.org/web/20160331035610/http://iamtrask.github.io/2015/07/12/basic-python-network/"
      },
      {
        "datetime": "2016-03-31T09:10:21Z",
        "uri": "http://web.archive.org/web/20160331091021/http://iamtrask.github.io:80/2015/07/12/basic-python-network/?"
      },
      {
        "datetime": "2016-04-02T08:22:44Z",
        "uri": "http://web.archive.org/web/20160402082244/http://iamtrask.github.io/2015/07/12/basic-python-network/"
      },
      {
        "datetime": "2016-04-03T07:32:20Z",
        "uri": "http://web.archive.org/web/20160403073220/http://iamtrask.github.io/2015/07/12/basic-python-network/"
      },
      {
        "datetime": "2016-04-04T07:43:41Z",
        "uri": "http://web.archive.org/web/20160404074341/http://iamtrask.github.io/2015/07/12/basic-python-network/"
      },
      {
        "datetime": "2016-04-05T10:39:22Z",
        "uri": "http://web.archive.org/web/20160405103922/http://iamtrask.github.io/2015/07/12/basic-python-network/"
      },
      {
        "datetime": "2016-04-05T20:37:30Z",
        "uri": "http://web.archive.org/web/20160405203730/http://iamtrask.github.io:80/2015/07/12/basic-python-network/"
      },
      {
        "datetime": "2016-04-05T20:37:30Z",
        "uri": "http://web.archive.org/web/20160405203730/http://iamtrask.github.io:80/2015/07/12/basic-python-network"
      },
      {
        "datetime": "2016-04-06T14:30:42Z",
        "uri": "http://web.archive.org/web/20160406143042/http://iamtrask.github.io/2015/07/12/basic-python-network/"
      },
      {
        "datetime": "2016-04-07T17:04:04Z",
        "uri": "http://web.archive.org/web/20160407170404/http://iamtrask.github.io/2015/07/12/basic-python-network/"
      },
      {
        "datetime": "2016-04-08T18:25:17Z",
        "uri": "http://web.archive.org/web/20160408182517/http://iamtrask.github.io/2015/07/12/basic-python-network/"
      },
      {
        "datetime": "2016-04-10T22:48:09Z",
        "uri": "http://web.archive.org/web/20160410224809/http://iamtrask.github.io/2015/07/12/basic-python-network/"
      },
      {
        "datetime": "2016-04-12T18:59:57Z",
        "uri": "http://web.archive.org/web/20160412185957/https://iamtrask.github.io/2015/07/12/basic-python-network/"
      },
      {
        "datetime": "2016-04-13T04:46:30Z",
        "uri": "http://web.archive.org/web/20160413044630/http://iamtrask.github.io/2015/07/12/basic-python-network/"
      },
      {
        "datetime": "2016-04-13T18:30:54Z",
        "uri": "http://web.archive.org/web/20160413183054/https://iamtrask.github.io/2015/07/12/basic-python-network/"
      },
      {
        "datetime": "2016-04-14T09:44:35Z",
        "uri": "http://web.archive.org/web/20160414094435/http://iamtrask.github.io:80/2015/07/12/basic-python-network/"
      },
      {
        "datetime": "2016-04-14T09:44:35Z",
        "uri": "http://web.archive.org/web/20160414094435/http://iamtrask.github.io:80/2015/07/12/basic-python-network"
      },
      {
        "datetime": "2016-04-14T22:17:35Z",
        "uri": "http://web.archive.org/web/20160414221735/http://iamtrask.github.io/2015/07/12/basic-python-network/"
      },
      {
        "datetime": "2016-04-16T03:59:50Z",
        "uri": "http://web.archive.org/web/20160416035950/http://iamtrask.github.io/2015/07/12/basic-python-network/"
      },
      {
        "datetime": "2016-04-17T05:46:27Z",
        "uri": "http://web.archive.org/web/20160417054627/http://iamtrask.github.io/2015/07/12/basic-python-network/"
      },
      {
        "datetime": "2016-04-18T08:21:52Z",
        "uri": "http://web.archive.org/web/20160418082152/http://iamtrask.github.io/2015/07/12/basic-python-network/"
      },
      {
        "datetime": "2016-04-19T08:01:39Z",
        "uri": "http://web.archive.org/web/20160419080139/http://iamtrask.github.io/2015/07/12/basic-python-network/"
      },
      {
        "datetime": "2016-04-20T08:54:58Z",
        "uri": "http://web.archive.org/web/20160420085458/http://iamtrask.github.io/2015/07/12/basic-python-network/"
      },
      {
        "datetime": "2016-04-21T09:40:14Z",
        "uri": "http://web.archive.org/web/20160421094014/http://iamtrask.github.io/2015/07/12/basic-python-network/"
      },
      {
        "datetime": "2016-04-22T05:05:35Z",
        "uri": "http://web.archive.org/web/20160422050535/http://iamtrask.github.io/2015/07/12/basic-python-network/"
      },
      {
        "datetime": "2016-04-23T04:28:48Z",
        "uri": "http://web.archive.org/web/20160423042848/http://iamtrask.github.io:80/2015/07/12/basic-python-network/"
      },
      {
        "datetime": "2016-04-23T04:28:48Z",
        "uri": "http://web.archive.org/web/20160423042848/http://iamtrask.github.io:80/2015/07/12/basic-python-network"
      },
      {
        "datetime": "2016-04-23T11:49:38Z",
        "uri": "http://web.archive.org/web/20160423114938/http://iamtrask.github.io/2015/07/12/basic-python-network/"
      },
      {
        "datetime": "2016-04-25T14:18:15Z",
        "uri": "http://web.archive.org/web/20160425141815/http://iamtrask.github.io/2015/07/12/basic-python-network/"
      },
      {
        "datetime": "2016-04-30T10:38:07Z",
        "uri": "http://web.archive.org/web/20160430103807/http://iamtrask.github.io:80/2015/07/12/basic-python-network/"
      },
      {
        "datetime": "2016-04-30T10:38:07Z",
        "uri": "http://web.archive.org/web/20160430103807/http://iamtrask.github.io:80/2015/07/12/basic-python-network"
      },
      {
        "datetime": "2016-05-02T05:18:48Z",
        "uri": "http://web.archive.org/web/20160502051848/http://iamtrask.github.io:80/2015/07/12/basic-python-network/?"
      },
      {
        "datetime": "2016-05-05T08:47:02Z",
        "uri": "http://web.archive.org/web/20160505084702/http://iamtrask.github.io/2015/07/12/basic-python-network/"
      },
      {
        "datetime": "2016-05-07T19:43:55Z",
        "uri": "http://web.archive.org/web/20160507194355/http://iamtrask.github.io:80/2015/07/12/basic-python-network/"
      },
      {
        "datetime": "2016-05-07T19:43:55Z",
        "uri": "http://web.archive.org/web/20160507194355/http://iamtrask.github.io:80/2015/07/12/basic-python-network"
      },
      {
        "datetime": "2016-05-15T20:18:22Z",
        "uri": "http://web.archive.org/web/20160515201822/http://iamtrask.github.io:80/2015/07/12/basic-python-network/"
      },
      {
        "datetime": "2016-05-15T20:18:22Z",
        "uri": "http://web.archive.org/web/20160515201822/http://iamtrask.github.io:80/2015/07/12/basic-python-network"
      },
      {
        "datetime": "2016-05-23T07:59:46Z",
        "uri": "http://web.archive.org/web/20160523075946/http://iamtrask.github.io:80/2015/07/12/basic-python-network/"
      },
      {
        "datetime": "2016-05-23T07:59:46Z",
        "uri": "http://web.archive.org/web/20160523075946/http://iamtrask.github.io:80/2015/07/12/basic-python-network"
      },
      {
        "datetime": "2016-05-30T04:17:22Z",
        "uri": "http://web.archive.org/web/20160530041722/http://iamtrask.github.io:80/2015/07/12/basic-python-network/"
      },
      {
        "datetime": "2016-05-30T04:17:22Z",
        "uri": "http://web.archive.org/web/20160530041722/http://iamtrask.github.io:80/2015/07/12/basic-python-network"
      },
      {
        "datetime": "2016-06-02T09:33:50Z",
        "uri": "http://web.archive.org/web/20160602093350/http://iamtrask.github.io/2015/07/12/basic-python-network/"
      },
      {
        "datetime": "2016-06-02T12:32:54Z",
        "uri": "http://web.archive.org/web/20160602123254/http://iamtrask.github.io:80/2015/07/12/basic-python-network/?"
      },
      {
        "datetime": "2016-06-03T11:12:57Z",
        "uri": "http://web.archive.org/web/20160603111257/http://iamtrask.github.io/2015/07/12/basic-python-network/"
      },
      {
        "datetime": "2016-06-04T11:55:12Z",
        "uri": "http://web.archive.org/web/20160604115512/http://iamtrask.github.io/2015/07/12/basic-python-network/"
      },
      {
        "datetime": "2016-06-05T13:44:09Z",
        "uri": "http://web.archive.org/web/20160605134409/http://iamtrask.github.io/2015/07/12/basic-python-network/"
      },
      {
        "datetime": "2016-06-05T19:41:40Z",
        "uri": "http://web.archive.org/web/20160605194140/http://iamtrask.github.io:80/2015/07/12/basic-python-network/"
      },
      {
        "datetime": "2016-06-05T19:41:40Z",
        "uri": "http://web.archive.org/web/20160605194140/http://iamtrask.github.io:80/2015/07/12/basic-python-network"
      },
      {
        "datetime": "2016-06-06T15:20:43Z",
        "uri": "http://web.archive.org/web/20160606152043/http://iamtrask.github.io/2015/07/12/basic-python-network/"
      },
      {
        "datetime": "2016-06-07T16:23:29Z",
        "uri": "http://web.archive.org/web/20160607162329/http://iamtrask.github.io/2015/07/12/basic-python-network/"
      },
      {
        "datetime": "2016-06-12T13:03:47Z",
        "uri": "http://web.archive.org/web/20160612130347/http://iamtrask.github.io:80/2015/07/12/basic-python-network/"
      },
      {
        "datetime": "2016-06-12T13:03:47Z",
        "uri": "http://web.archive.org/web/20160612130347/http://iamtrask.github.io:80/2015/07/12/basic-python-network"
      },
      {
        "datetime": "2016-06-12T14:54:29Z",
        "uri": "http://web.archive.org/web/20160612145429/http://iamtrask.github.io/2015/07/12/basic-python-network/"
      },
      {
        "datetime": "2016-06-13T15:57:07Z",
        "uri": "http://web.archive.org/web/20160613155707/http://iamtrask.github.io/2015/07/12/basic-python-network/"
      },
      {
        "datetime": "2016-06-19T03:27:44Z",
        "uri": "http://web.archive.org/web/20160619032744/http://iamtrask.github.io:80/2015/07/12/basic-python-network/"
      },
      {
        "datetime": "2016-06-19T03:27:44Z",
        "uri": "http://web.archive.org/web/20160619032744/http://iamtrask.github.io:80/2015/07/12/basic-python-network"
      },
      {
        "datetime": "2016-06-20T06:46:05Z",
        "uri": "http://web.archive.org/web/20160620064605/http://iamtrask.github.io:80/2015/07/12/basic-python-network/"
      },
      {
        "datetime": "2016-06-20T06:46:05Z",
        "uri": "http://web.archive.org/web/20160620064605/http://iamtrask.github.io:80/2015/07/12/basic-python-network"
      },
      {
        "datetime": "2016-06-27T05:15:46Z",
        "uri": "http://web.archive.org/web/20160627051546/http://iamtrask.github.io:80/2015/07/12/basic-python-network/"
      },
      {
        "datetime": "2016-06-27T05:15:46Z",
        "uri": "http://web.archive.org/web/20160627051546/http://iamtrask.github.io:80/2015/07/12/basic-python-network"
      },
      {
        "datetime": "2016-07-04T00:55:51Z",
        "uri": "http://web.archive.org/web/20160704005551/http://iamtrask.github.io:80/2015/07/12/basic-python-network/"
      },
      {
        "datetime": "2016-07-04T00:55:51Z",
        "uri": "http://web.archive.org/web/20160704005551/http://iamtrask.github.io:80/2015/07/12/basic-python-network"
      },
      {
        "datetime": "2016-07-04T19:44:23Z",
        "uri": "http://web.archive.org/web/20160704194423/http://iamtrask.github.io:80/2015/07/12/basic-python-network/?"
      },
      {
        "datetime": "2016-07-11T00:15:33Z",
        "uri": "http://web.archive.org/web/20160711001533/http://iamtrask.github.io:80/2015/07/12/basic-python-network/"
      },
      {
        "datetime": "2016-07-11T00:15:33Z",
        "uri": "http://web.archive.org/web/20160711001533/http://iamtrask.github.io:80/2015/07/12/basic-python-network"
      },
      {
        "datetime": "2016-07-17T17:18:26Z",
        "uri": "http://web.archive.org/web/20160717171826/http://iamtrask.github.io:80/2015/07/12/basic-python-network/"
      },
      {
        "datetime": "2016-07-17T17:18:26Z",
        "uri": "http://web.archive.org/web/20160717171826/http://iamtrask.github.io:80/2015/07/12/basic-python-network"
      },
      {
        "datetime": "2016-07-24T23:25:34Z",
        "uri": "http://web.archive.org/web/20160724232534/http://iamtrask.github.io:80/2015/07/12/basic-python-network/"
      },
      {
        "datetime": "2016-07-24T23:25:34Z",
        "uri": "http://web.archive.org/web/20160724232534/http://iamtrask.github.io:80/2015/07/12/basic-python-network"
      },
      {
        "datetime": "2016-07-31T17:52:08Z",
        "uri": "http://web.archive.org/web/20160731175208/http://iamtrask.github.io:80/2015/07/12/basic-python-network/"
      },
      {
        "datetime": "2016-07-31T17:52:08Z",
        "uri": "http://web.archive.org/web/20160731175208/http://iamtrask.github.io:80/2015/07/12/basic-python-network"
      },
      {
        "datetime": "2016-08-05T01:05:19Z",
        "uri": "http://web.archive.org/web/20160805010519/http://iamtrask.github.io:80/2015/07/12/basic-python-network/?"
      },
      {
        "datetime": "2016-08-07T11:20:50Z",
        "uri": "http://web.archive.org/web/20160807112050/http://iamtrask.github.io:80/2015/07/12/basic-python-network/"
      },
      {
        "datetime": "2016-08-07T11:20:50Z",
        "uri": "http://web.archive.org/web/20160807112050/http://iamtrask.github.io:80/2015/07/12/basic-python-network"
      },
      {
        "datetime": "2016-08-14T03:24:08Z",
        "uri": "http://web.archive.org/web/20160814032408/http://iamtrask.github.io:80/2015/07/12/basic-python-network/"
      },
      {
        "datetime": "2016-08-14T03:24:08Z",
        "uri": "http://web.archive.org/web/20160814032408/http://iamtrask.github.io:80/2015/07/12/basic-python-network"
      },
      {
        "datetime": "2016-08-21T04:44:55Z",
        "uri": "http://web.archive.org/web/20160821044455/http://iamtrask.github.io:80/2015/07/12/basic-python-network/"
      },
      {
        "datetime": "2016-08-21T04:44:55Z",
        "uri": "http://web.archive.org/web/20160821044455/http://iamtrask.github.io:80/2015/07/12/basic-python-network"
      },
      {
        "datetime": "2016-08-28T05:44:06Z",
        "uri": "http://web.archive.org/web/20160828054406/http://iamtrask.github.io:80/2015/07/12/basic-python-network/"
      },
      {
        "datetime": "2016-08-28T05:44:06Z",
        "uri": "http://web.archive.org/web/20160828054406/http://iamtrask.github.io:80/2015/07/12/basic-python-network"
      },
      {
        "datetime": "2016-09-04T06:50:52Z",
        "uri": "http://web.archive.org/web/20160904065052/http://iamtrask.github.io:80/2015/07/12/basic-python-network/"
      },
      {
        "datetime": "2016-09-04T06:50:52Z",
        "uri": "http://web.archive.org/web/20160904065052/http://iamtrask.github.io:80/2015/07/12/basic-python-network"
      },
      {
        "datetime": "2016-09-06T04:34:15Z",
        "uri": "http://web.archive.org/web/20160906043415/http://iamtrask.github.io:80/2015/07/12/basic-python-network/?"
      },
      {
        "datetime": "2016-09-11T17:42:27Z",
        "uri": "http://web.archive.org/web/20160911174227/http://iamtrask.github.io:80/2015/07/12/basic-python-network/"
      },
      {
        "datetime": "2016-09-11T17:42:27Z",
        "uri": "http://web.archive.org/web/20160911174227/http://iamtrask.github.io:80/2015/07/12/basic-python-network"
      },
      {
        "datetime": "2016-09-18T01:51:10Z",
        "uri": "http://web.archive.org/web/20160918015110/http://iamtrask.github.io:80/2015/07/12/basic-python-network/"
      },
      {
        "datetime": "2016-09-18T01:51:10Z",
        "uri": "http://web.archive.org/web/20160918015110/http://iamtrask.github.io:80/2015/07/12/basic-python-network"
      },
      {
        "datetime": "2016-09-19T09:12:04Z",
        "uri": "http://web.archive.org/web/20160919091204/http://iamtrask.github.io:80/2015/07/12/basic-python-network/"
      },
      {
        "datetime": "2016-09-19T09:12:04Z",
        "uri": "http://web.archive.org/web/20160919091204/http://iamtrask.github.io:80/2015/07/12/basic-python-network"
      },
      {
        "datetime": "2016-09-22T22:39:30Z",
        "uri": "http://web.archive.org/web/20160922223930/http://iamtrask.github.io:80/2015/07/12/basic-python-network/"
      },
      {
        "datetime": "2016-09-26T18:27:39Z",
        "uri": "http://web.archive.org/web/20160926182739/http://iamtrask.github.io:80/2015/07/12/basic-python-network/"
      },
      {
        "datetime": "2016-09-26T18:27:39Z",
        "uri": "http://web.archive.org/web/20160926182739/http://iamtrask.github.io:80/2015/07/12/basic-python-network"
      },
      {
        "datetime": "2016-10-04T22:36:59Z",
        "uri": "http://web.archive.org/web/20161004223659/http://iamtrask.github.io:80/2015/07/12/basic-python-network/"
      },
      {
        "datetime": "2016-10-04T22:36:59Z",
        "uri": "http://web.archive.org/web/20161004223659/http://iamtrask.github.io:80/2015/07/12/basic-python-network"
      },
      {
        "datetime": "2016-10-07T12:59:44Z",
        "uri": "http://web.archive.org/web/20161007125944/http://iamtrask.github.io:80/2015/07/12/basic-python-network/?"
      },
      {
        "datetime": "2016-10-13T01:47:26Z",
        "uri": "http://web.archive.org/web/20161013014726/http://iamtrask.github.io:80/2015/07/12/basic-python-network/"
      },
      {
        "datetime": "2016-10-13T01:47:26Z",
        "uri": "http://web.archive.org/web/20161013014726/http://iamtrask.github.io:80/2015/07/12/basic-python-network"
      },
      {
        "datetime": "2016-10-17T01:34:41Z",
        "uri": "http://web.archive.org/web/20161017013441/http://iamtrask.github.io/2015/07/12/basic-python-network/"
      },
      {
        "datetime": "2016-10-18T16:26:03Z",
        "uri": "http://web.archive.org/web/20161018162603/https://iamtrask.github.io/2015/07/12/basic-python-network/"
      },
      {
        "datetime": "2016-10-21T17:47:16Z",
        "uri": "http://web.archive.org/web/20161021174716/http://iamtrask.github.io:80/2015/07/12/basic-python-network/"
      },
      {
        "datetime": "2016-10-21T17:47:16Z",
        "uri": "http://web.archive.org/web/20161021174716/http://iamtrask.github.io:80/2015/07/12/basic-python-network"
      },
      {
        "datetime": "2016-10-29T19:35:45Z",
        "uri": "http://web.archive.org/web/20161029193545/http://iamtrask.github.io:80/2015/07/12/basic-python-network/"
      },
      {
        "datetime": "2016-10-29T19:35:45Z",
        "uri": "http://web.archive.org/web/20161029193545/http://iamtrask.github.io:80/2015/07/12/basic-python-network"
      },
      {
        "datetime": "2016-11-06T01:54:29Z",
        "uri": "http://web.archive.org/web/20161106015429/http://iamtrask.github.io:80/2015/07/12/basic-python-network/"
      },
      {
        "datetime": "2016-11-06T01:54:29Z",
        "uri": "http://web.archive.org/web/20161106015429/http://iamtrask.github.io:80/2015/07/12/basic-python-network"
      },
      {
        "datetime": "2016-11-08T00:45:48Z",
        "uri": "http://web.archive.org/web/20161108004548/http://iamtrask.github.io:80/2015/07/12/basic-python-network/?"
      },
      {
        "datetime": "2016-11-11T11:15:57Z",
        "uri": "http://web.archive.org/web/20161111111557/https://iamtrask.github.io/2015/07/12/basic-python-network/"
      },
      {
        "datetime": "2016-11-14T01:58:27Z",
        "uri": "http://web.archive.org/web/20161114015827/http://iamtrask.github.io:80/2015/07/12/basic-python-network/"
      },
      {
        "datetime": "2016-11-14T01:58:27Z",
        "uri": "http://web.archive.org/web/20161114015827/http://iamtrask.github.io:80/2015/07/12/basic-python-network"
      },
      {
        "datetime": "2016-11-19T01:17:48Z",
        "uri": "http://web.archive.org/web/20161119011748/http://iamtrask.github.io:80/2015/07/12/basic-python-network/"
      },
      {
        "datetime": "2016-11-19T01:17:48Z",
        "uri": "http://web.archive.org/web/20161119011748/http://iamtrask.github.io:80/2015/07/12/basic-python-network"
      },
      {
        "datetime": "2016-11-22T12:55:37Z",
        "uri": "http://web.archive.org/web/20161122125537/http://iamtrask.github.io:80/2015/07/12/basic-python-network/"
      },
      {
        "datetime": "2016-12-03T19:51:25Z",
        "uri": "http://web.archive.org/web/20161203195125/http://iamtrask.github.io/2015/07/12/basic-python-network/"
      },
      {
        "datetime": "2016-12-03T19:51:28Z",
        "uri": "http://web.archive.org/web/20161203195128/https://iamtrask.github.io/2015/07/12/basic-python-network/"
      },
      {
        "datetime": "2016-12-13T16:44:33Z",
        "uri": "http://web.archive.org/web/20161213164433/http://iamtrask.github.io:80/2015/07/12/basic-python-network/?"
      },
      {
        "datetime": "2016-12-14T17:21:47Z",
        "uri": "http://web.archive.org/web/20161214172147/http://iamtrask.github.io/2015/07/12/basic-python-network/"
      },
      {
        "datetime": "2016-12-16T16:27:39Z",
        "uri": "http://web.archive.org/web/20161216162739/https://iamtrask.github.io//2015/07/12/basic-python-network/"
      },
      {
        "datetime": "2016-12-18T05:48:59Z",
        "uri": "http://web.archive.org/web/20161218054859/http://iamtrask.github.io/2015/07/12/basic-python-network/"
      },
      {
        "datetime": "2017-02-14T10:36:05Z",
        "uri": "http://web.archive.org/web/20170214103605/https://iamtrask.github.io/2015/07/12/basic-python-network/"
      },
      {
        "datetime": "2017-02-15T21:16:02Z",
        "uri": "http://web.archive.org/web/20170215211602/http://iamtrask.github.io/2015/07/12/basic-python-network/"
      },
      {
        "datetime": "2017-03-03T16:08:09Z",
        "uri": "http://web.archive.org/web/20170303160809/http://iamtrask.github.io/2015/07/12/basic-python-network/"
      },
      {
        "datetime": "2017-03-21T20:55:18Z",
        "uri": "http://web.archive.org/web/20170321205518/http://iamtrask.github.io/2015/07/12/basic-python-network/"
      },
      {
        "datetime": "2017-03-22T05:09:13Z",
        "uri": "http://web.archive.org/web/20170322050913/https://iamtrask.github.io/2015/07/12/basic-python-network/"
      },
      {
        "datetime": "2017-04-02T08:11:52Z",
        "uri": "http://web.archive.org/web/20170402081152/https://iamtrask.github.io/2015/07/12/basic-python-network/"
      },
      {
        "datetime": "2017-04-15T16:55:40Z",
        "uri": "http://web.archive.org/web/20170415165540/http://iamtrask.github.io:80/2015/07/12/basic-python-network/"
      },
      {
        "datetime": "2017-05-07T10:37:32Z",
        "uri": "http://web.archive.org/web/20170507103732/http://iamtrask.github.io:80/2015/07/12/basic-python-network/"
      },
      {
        "datetime": "2017-05-07T10:37:32Z",
        "uri": "http://web.archive.org/web/20170507103732/http://iamtrask.github.io:80/2015/07/12/basic-python-network"
      },
      {
        "datetime": "2017-05-16T09:46:23Z",
        "uri": "http://web.archive.org/web/20170516094623/http://iamtrask.github.io:80/2015/07/12/basic-python-network/"
      },
      {
        "datetime": "2017-05-16T09:46:23Z",
        "uri": "http://web.archive.org/web/20170516094623/http://iamtrask.github.io:80/2015/07/12/basic-python-network"
      },
      {
        "datetime": "2017-05-22T19:46:44Z",
        "uri": "http://web.archive.org/web/20170522194644/http://iamtrask.github.io:80/2015/07/12/basic-python-network/"
      },
      {
        "datetime": "2017-05-22T19:46:44Z",
        "uri": "http://web.archive.org/web/20170522194644/http://iamtrask.github.io:80/2015/07/12/basic-python-network"
      },
      {
        "datetime": "2017-05-25T02:48:57Z",
        "uri": "http://web.archive.org/web/20170525024857/https://iamtrask.github.io/2015/07/12/basic-python-network/"
      },
      {
        "datetime": "2017-05-30T17:29:49Z",
        "uri": "http://web.archive.org/web/20170530172949/http://iamtrask.github.io:80/2015/07/12/basic-python-network/"
      },
      {
        "datetime": "2017-05-30T17:29:49Z",
        "uri": "http://web.archive.org/web/20170530172949/http://iamtrask.github.io:80/2015/07/12/basic-python-network"
      },
      {
        "datetime": "2017-06-06T08:25:43Z",
        "uri": "http://web.archive.org/web/20170606082543/http://iamtrask.github.io:80/2015/07/12/basic-python-network/"
      },
      {
        "datetime": "2017-06-06T08:25:43Z",
        "uri": "http://web.archive.org/web/20170606082543/http://iamtrask.github.io:80/2015/07/12/basic-python-network"
      },
      {
        "datetime": "2017-06-11T22:59:32Z",
        "uri": "http://web.archive.org/web/20170611225932/http://iamtrask.github.io:80/2015/07/12/basic-python-network/"
      },
      {
        "datetime": "2017-06-11T22:59:32Z",
        "uri": "http://web.archive.org/web/20170611225932/http://iamtrask.github.io:80/2015/07/12/basic-python-network"
      },
      {
        "datetime": "2017-06-12T04:46:03Z",
        "uri": "http://web.archive.org/web/20170612044603/http://iamtrask.github.io/2015/07/12/basic-python-network/"
      },
      {
        "datetime": "2017-06-16T21:14:42Z",
        "uri": "http://web.archive.org/web/20170616211442/http://iamtrask.github.io:80/2015/07/12/basic-python-network/"
      },
      {
        "datetime": "2017-06-24T04:58:02Z",
        "uri": "http://web.archive.org/web/20170624045802/http://iamtrask.github.io:80/2015/07/12/basic-python-network/"
      },
      {
        "datetime": "2017-06-24T04:58:02Z",
        "uri": "http://web.archive.org/web/20170624045802/http://iamtrask.github.io:80/2015/07/12/basic-python-network"
      },
      {
        "datetime": "2017-06-25T05:38:30Z",
        "uri": "http://web.archive.org/web/20170625053830/http://iamtrask.github.io/2015/07/12/basic-python-network/"
      },
      {
        "datetime": "2017-06-28T16:36:21Z",
        "uri": "http://web.archive.org/web/20170628163621/https://iamtrask.github.io/2015/07/12/basic-python-network/"
      },
      {
        "datetime": "2017-07-07T01:11:18Z",
        "uri": "http://web.archive.org/web/20170707011118/http://iamtrask.github.io:80/2015/07/12/basic-python-network/"
      },
      {
        "datetime": "2017-07-07T01:11:18Z",
        "uri": "http://web.archive.org/web/20170707011118/http://iamtrask.github.io:80/2015/07/12/basic-python-network"
      },
      {
        "datetime": "2017-07-11T00:50:15Z",
        "uri": "http://web.archive.org/web/20170711005015/http://iamtrask.github.io/2015/07/12/basic-python-network/"
      },
      {
        "datetime": "2017-07-26T08:49:53Z",
        "uri": "http://web.archive.org/web/20170726084953/http://iamtrask.github.io:80/2015/07/12/basic-python-network/"
      },
      {
        "datetime": "2017-07-26T08:49:53Z",
        "uri": "http://web.archive.org/web/20170726084953/http://iamtrask.github.io:80/2015/07/12/basic-python-network"
      },
      {
        "datetime": "2017-08-04T08:20:59Z",
        "uri": "http://web.archive.org/web/20170804082059/https://iamtrask.github.io/2015/07/12/basic-python-network/"
      },
      {
        "datetime": "2017-08-08T01:24:50Z",
        "uri": "http://web.archive.org/web/20170808012450/http://iamtrask.github.io:80/2015/07/12/basic-python-network/"
      },
      {
        "datetime": "2017-08-08T01:24:50Z",
        "uri": "http://web.archive.org/web/20170808012450/http://iamtrask.github.io:80/2015/07/12/basic-python-network"
      },
      {
        "datetime": "2017-08-11T21:59:49Z",
        "uri": "http://web.archive.org/web/20170811215949/http://iamtrask.github.io/2015/07/12/basic-python-network/"
      },
      {
        "datetime": "2017-08-20T14:36:54Z",
        "uri": "http://web.archive.org/web/20170820143654/http://iamtrask.github.io/2015/07/12/basic-python-network/"
      },
      {
        "datetime": "2017-09-04T14:12:19Z",
        "uri": "http://web.archive.org/web/20170904141219/http://iamtrask.github.io/2015/07/12/basic-python-network/"
      },
      {
        "datetime": "2017-09-28T20:47:09Z",
        "uri": "http://web.archive.org/web/20170928204709/http://iamtrask.github.io/2015/07/12/basic-python-network/"
      },
      {
        "datetime": "2017-09-30T07:19:26Z",
        "uri": "http://web.archive.org/web/20170930071926/https://iamtrask.github.io/2015/07/12/basic-python-network/"
      },
      {
        "datetime": "2017-10-01T20:06:11Z",
        "uri": "http://web.archive.org/web/20171001200611/http://iamtrask.github.io/2015/07/12/basic-python-network"
      },
      {
        "datetime": "2017-10-18T12:01:05Z",
        "uri": "http://web.archive.org/web/20171018120105/http://iamtrask.github.io/2015/07/12/basic-python-network/"
      },
      {
        "datetime": "2017-10-18T12:31:59Z",
        "uri": "http://web.archive.org/web/20171018123159/http://iamtrask.github.io/2015/07/12/basic-python-network/"
      },
      {
        "datetime": "2017-10-18T22:30:31Z",
        "uri": "http://web.archive.org/web/20171018223031/http://iamtrask.github.io/2015/07/12/basic-python-network/"
      },
      {
        "datetime": "2017-10-18T23:00:35Z",
        "uri": "http://web.archive.org/web/20171018230035/http://iamtrask.github.io/2015/07/12/basic-python-network/"
      },
      {
        "datetime": "2017-10-19T00:00:47Z",
        "uri": "http://web.archive.org/web/20171019000047/http://iamtrask.github.io/2015/07/12/basic-python-network/"
      },
      {
        "datetime": "2017-10-19T00:30:48Z",
        "uri": "http://web.archive.org/web/20171019003048/http://iamtrask.github.io/2015/07/12/basic-python-network/"
      },
      {
        "datetime": "2017-10-19T01:00:45Z",
        "uri": "http://web.archive.org/web/20171019010045/http://iamtrask.github.io/2015/07/12/basic-python-network/"
      },
      {
        "datetime": "2017-10-19T01:30:51Z",
        "uri": "http://web.archive.org/web/20171019013051/http://iamtrask.github.io/2015/07/12/basic-python-network/"
      },
      {
        "datetime": "2017-10-19T02:00:47Z",
        "uri": "http://web.archive.org/web/20171019020047/http://iamtrask.github.io/2015/07/12/basic-python-network/"
      },
      {
        "datetime": "2017-10-19T02:30:52Z",
        "uri": "http://web.archive.org/web/20171019023052/http://iamtrask.github.io/2015/07/12/basic-python-network/"
      },
      {
        "datetime": "2017-10-19T03:01:01Z",
        "uri": "http://web.archive.org/web/20171019030101/http://iamtrask.github.io/2015/07/12/basic-python-network/"
      },
      {
        "datetime": "2017-10-19T03:17:04Z",
        "uri": "http://web.archive.org/web/20171019031704/http://iamtrask.github.io/2015/07/12/basic-python-network/"
      },
      {
        "datetime": "2017-10-19T03:27:20Z",
        "uri": "http://web.archive.org/web/20171019032720/http://iamtrask.github.io/2015/07/12/basic-python-network/"
      },
      {
        "datetime": "2017-10-19T03:30:56Z",
        "uri": "http://web.archive.org/web/20171019033056/http://iamtrask.github.io/2015/07/12/basic-python-network/"
      },
      {
        "datetime": "2017-10-19T03:38:28Z",
        "uri": "http://web.archive.org/web/20171019033828/http://iamtrask.github.io/2015/07/12/basic-python-network/"
      },
      {
        "datetime": "2017-10-19T05:00:52Z",
        "uri": "http://web.archive.org/web/20171019050052/http://iamtrask.github.io/2015/07/12/basic-python-network/"
      },
      {
        "datetime": "2017-10-19T06:30:54Z",
        "uri": "http://web.archive.org/web/20171019063054/http://iamtrask.github.io/2015/07/12/basic-python-network/"
      },
      {
        "datetime": "2017-10-19T07:00:53Z",
        "uri": "http://web.archive.org/web/20171019070053/http://iamtrask.github.io/2015/07/12/basic-python-network/"
      },
      {
        "datetime": "2017-10-19T07:30:55Z",
        "uri": "http://web.archive.org/web/20171019073055/http://iamtrask.github.io/2015/07/12/basic-python-network/"
      },
      {
        "datetime": "2017-10-19T08:01:13Z",
        "uri": "http://web.archive.org/web/20171019080113/http://iamtrask.github.io/2015/07/12/basic-python-network/"
      },
      {
        "datetime": "2017-10-19T08:30:53Z",
        "uri": "http://web.archive.org/web/20171019083053/http://iamtrask.github.io/2015/07/12/basic-python-network/"
      },
      {
        "datetime": "2017-10-22T02:37:18Z",
        "uri": "http://web.archive.org/web/20171022023718/http://iamtrask.github.io/2015/07/12/basic-python-network/"
      },
      {
        "datetime": "2017-10-31T17:23:43Z",
        "uri": "http://web.archive.org/web/20171031172343/http://iamtrask.github.io/2015/07/12/basic-python-network/"
      },
      {
        "datetime": "2017-11-05T18:52:06Z",
        "uri": "http://web.archive.org/web/20171105185206/http://iamtrask.github.io/2015/07/12/basic-python-network/"
      },
      {
        "datetime": "2017-11-10T09:16:50Z",
        "uri": "http://web.archive.org/web/20171110091650/http://iamtrask.github.io/2015/07/12/basic-python-network/"
      },
      {
        "datetime": "2017-11-27T02:41:03Z",
        "uri": "http://web.archive.org/web/20171127024103/https://iamtrask.github.io/2015/07/12/basic-python-network/"
      },
      {
        "datetime": "2017-12-08T07:04:48Z",
        "uri": "http://web.archive.org/web/20171208070448/https://iamtrask.github.io/2015/07/12/basic-python-network/"
      },
      {
        "datetime": "2017-12-08T07:31:44Z",
        "uri": "http://web.archive.org/web/20171208073144/https://iamtrask.github.io/2015/07/12/basic-python-network/"
      },
      {
        "datetime": "2017-12-31T21:36:03Z",
        "uri": "http://web.archive.org/web/20171231213603/http://iamtrask.github.io/2015/07/12/basic-python-network/"
      },
      {
        "datetime": "2018-01-02T15:30:58Z",
        "uri": "http://web.archive.org/web/20180102153058/http://iamtrask.github.io/2015/07/12/basic-python-network/"
      },
      {
        "datetime": "2018-01-27T22:24:03Z",
        "uri": "http://web.archive.org/web/20180127222403/http://iamtrask.github.io/2015/07/12/basic-python-network/"
      },
      {
        "datetime": "2018-02-12T19:09:46Z",
        "uri": "http://web.archive.org/web/20180212190946/http://iamtrask.github.io/2015/07/12/basic-python-network/"
      },
      {
        "datetime": "2018-02-12T19:09:46Z",
        "uri": "http://web.archive.org/web/20180212190946/http://iamtrask.github.io/2015/07/12/basic-python-network/"
      }
    ],
    "first": {
      "datetime": "2015-07-14T23:50:34Z",
      "uri": "http://web.archive.org/web/20150714235034/http://iamtrask.github.io/2015/07/12/basic-python-network/"
    },
    "last": {
      "datetime": "2018-02-12T19:09:46Z",
      "uri": "http://web.archive.org/web/20180212190946/http://iamtrask.github.io/2015/07/12/basic-python-network/"
    }
  },
  "timemap_uri": {
    "link_format": "https://memgator.cs.odu.edu/timemap/link/https://iamtrask.github.io/2015/07/12/basic-python-network/%0A",
    "json_format": "https://memgator.cs.odu.edu/timemap/json/https://iamtrask.github.io/2015/07/12/basic-python-network/%0A",
    "cdxj_format": "https://memgator.cs.odu.edu/timemap/cdxj/https://iamtrask.github.io/2015/07/12/basic-python-network/%0A"
  },
  "timegate_uri": "https://memgator.cs.odu.edu/timegate/https://iamtrask.github.io/2015/07/12/basic-python-network/%0A"
}
