{
  "original_uri": "https://www.juliabox.com/%0A",
  "self": "https://memgator.cs.odu.edu/timemap/json/https://www.juliabox.com/%0A",
  "mementos": {
    "list": [
      {
        "datetime": "2015-05-01T20:29:03Z",
        "uri": "http://web.archive.org/web/20150501202903/http://juliabox.com:80/"
      },
      {
        "datetime": "2016-10-01T17:31:02Z",
        "uri": "http://web.archive.org/web/20161001173102/http://juliabox.com/"
      },
      {
        "datetime": "2016-10-15T03:17:04Z",
        "uri": "http://web.archive.org/web/20161015031704/https://juliabox.com/"
      },
      {
        "datetime": "2017-02-25T07:29:31Z",
        "uri": "http://web.archive.org/web/20170225072931/https://www.juliabox.com/"
      },
      {
        "datetime": "2017-02-25T07:51:04Z",
        "uri": "http://web.archive.org/web/20170225075104/https://juliabox.com/"
      },
      {
        "datetime": "2017-02-25T07:58:10Z",
        "uri": "http://web.archive.org/web/20170225075810/https://juliabox.com/"
      },
      {
        "datetime": "2017-02-25T08:08:32Z",
        "uri": "http://web.archive.org/web/20170225080832/https://juliabox.com/"
      },
      {
        "datetime": "2017-02-26T02:07:36Z",
        "uri": "http://web.archive.org/web/20170226020736/https://juliabox.com/"
      },
      {
        "datetime": "2017-02-26T05:20:46Z",
        "uri": "http://web.archive.org/web/20170226052046/https://juliabox.com/"
      },
      {
        "datetime": "2017-02-26T06:34:12Z",
        "uri": "http://web.archive.org/web/20170226063412/https://juliabox.com/"
      },
      {
        "datetime": "2017-03-01T07:08:51Z",
        "uri": "http://web.archive.org/web/20170301070851/https://juliabox.com/"
      },
      {
        "datetime": "2017-03-18T08:29:28Z",
        "uri": "http://web.archive.org/web/20170318082928/https://juliabox.com/"
      },
      {
        "datetime": "2017-03-18T09:08:35Z",
        "uri": "http://web.archive.org/web/20170318090835/https://juliabox.com/"
      },
      {
        "datetime": "2017-03-18T09:47:21Z",
        "uri": "http://web.archive.org/web/20170318094721/https://juliabox.com/"
      },
      {
        "datetime": "2017-03-19T08:48:31Z",
        "uri": "http://web.archive.org/web/20170319084831/https://juliabox.com/"
      },
      {
        "datetime": "2017-03-19T19:26:09Z",
        "uri": "http://web.archive.org/web/20170319192609/https://juliabox.com/"
      },
      {
        "datetime": "2017-03-23T19:37:56Z",
        "uri": "http://web.archive.org/web/20170323193756/https://juliabox.com/"
      },
      {
        "datetime": "2017-04-01T22:17:03Z",
        "uri": "http://web.archive.org/web/20170401221703/https://juliabox.com/"
      },
      {
        "datetime": "2017-04-08T17:49:50Z",
        "uri": "http://web.archive.org/web/20170408174950/https://juliabox.com/"
      },
      {
        "datetime": "2017-04-08T18:14:41Z",
        "uri": "http://web.archive.org/web/20170408181441/https://juliabox.com/"
      },
      {
        "datetime": "2017-04-15T03:04:34Z",
        "uri": "http://web.archive.org/web/20170415030434/https://juliabox.com/"
      },
      {
        "datetime": "2017-04-15T05:48:01Z",
        "uri": "http://web.archive.org/web/20170415054801/https://juliabox.com/"
      },
      {
        "datetime": "2017-04-20T05:04:21Z",
        "uri": "http://web.archive.org/web/20170420050421/http://juliabox.com/"
      },
      {
        "datetime": "2017-05-29T17:54:52Z",
        "uri": "http://web.archive.org/web/20170529175452/http://juliabox.com:80/"
      },
      {
        "datetime": "2017-06-03T20:55:42Z",
        "uri": "http://web.archive.org/web/20170603205542/http://juliabox.com/"
      },
      {
        "datetime": "2017-06-03T21:00:04Z",
        "uri": "http://web.archive.org/web/20170603210004/https://juliabox.com/"
      },
      {
        "datetime": "2017-06-26T13:33:12Z",
        "uri": "http://web.archive.org/web/20170626133312/https://juliabox.com/"
      },
      {
        "datetime": "2017-06-26T13:34:13Z",
        "uri": "http://web.archive.org/web/20170626133413/https://juliabox.com/"
      },
      {
        "datetime": "2017-06-26T13:34:44Z",
        "uri": "http://web.archive.org/web/20170626133444/https://juliabox.com/"
      },
      {
        "datetime": "2017-06-28T19:32:26Z",
        "uri": "http://web.archive.org/web/20170628193226/https://juliabox.com/"
      },
      {
        "datetime": "2017-08-17T21:24:42Z",
        "uri": "http://web.archive.org/web/20170817212442/https://juliabox.com/"
      },
      {
        "datetime": "2017-09-11T15:09:06Z",
        "uri": "http://web.archive.org/web/20170911150906/http://juliabox.com/"
      },
      {
        "datetime": "2017-09-12T00:15:55Z",
        "uri": "http://web.archive.org/web/20170912001555/https://juliabox.com/"
      },
      {
        "datetime": "2017-09-30T17:00:56Z",
        "uri": "http://web.archive.org/web/20170930170056/http://www.juliabox.com/"
      },
      {
        "datetime": "2017-10-04T07:14:05Z",
        "uri": "http://web.archive.org/web/20171004071405/https://www.juliabox.com/"
      }
    ],
    "first": {
      "datetime": "2015-05-01T20:29:03Z",
      "uri": "http://web.archive.org/web/20150501202903/http://juliabox.com:80/"
    },
    "last": {
      "datetime": "2017-10-04T07:14:05Z",
      "uri": "http://web.archive.org/web/20171004071405/https://www.juliabox.com/"
    }
  },
  "timemap_uri": {
    "link_format": "https://memgator.cs.odu.edu/timemap/link/https://www.juliabox.com/%0A",
    "json_format": "https://memgator.cs.odu.edu/timemap/json/https://www.juliabox.com/%0A",
    "cdxj_format": "https://memgator.cs.odu.edu/timemap/cdxj/https://www.juliabox.com/%0A"
  },
  "timegate_uri": "https://memgator.cs.odu.edu/timegate/https://www.juliabox.com/%0A"
}
