{
  "original_uri": "https://www.machinelearningplus.com/numpy-tutorial-part1-array-python-examples/%0A",
  "self": "https://memgator.cs.odu.edu/timemap/json/https://www.machinelearningplus.com/numpy-tutorial-part1-array-python-examples/%0A",
  "mementos": {
    "list": [
      {
        "datetime": "2018-02-07T19:47:09Z",
        "uri": "http://web.archive.org/web/20180207194709/https://www.machinelearningplus.com/numpy-tutorial-part1-array-python-examples/"
      },
      {
        "datetime": "2018-02-07T20:02:00Z",
        "uri": "http://web.archive.org/web/20180207200200/https://www.machinelearningplus.com/numpy-tutorial-part1-array-python-examples/"
      },
      {
        "datetime": "2018-02-10T04:08:33Z",
        "uri": "http://web.archive.org/web/20180210040833/https://www.machinelearningplus.com/numpy-tutorial-part1-array-python-examples/"
      }
    ],
    "first": {
      "datetime": "2018-02-07T19:47:09Z",
      "uri": "http://web.archive.org/web/20180207194709/https://www.machinelearningplus.com/numpy-tutorial-part1-array-python-examples/"
    },
    "last": {
      "datetime": "2018-02-10T04:08:33Z",
      "uri": "http://web.archive.org/web/20180210040833/https://www.machinelearningplus.com/numpy-tutorial-part1-array-python-examples/"
    }
  },
  "timemap_uri": {
    "link_format": "https://memgator.cs.odu.edu/timemap/link/https://www.machinelearningplus.com/numpy-tutorial-part1-array-python-examples/%0A",
    "json_format": "https://memgator.cs.odu.edu/timemap/json/https://www.machinelearningplus.com/numpy-tutorial-part1-array-python-examples/%0A",
    "cdxj_format": "https://memgator.cs.odu.edu/timemap/cdxj/https://www.machinelearningplus.com/numpy-tutorial-part1-array-python-examples/%0A"
  },
  "timegate_uri": "https://memgator.cs.odu.edu/timegate/https://www.machinelearningplus.com/numpy-tutorial-part1-array-python-examples/%0A"
}
