{
  "original_uri": "http://books.goalkicker.com/PythonBook/%0A",
  "self": "https://memgator.cs.odu.edu/timemap/json/http://books.goalkicker.com/PythonBook/%0A",
  "mementos": {
    "list": [
      {
        "datetime": "2018-01-04T23:35:09Z",
        "uri": "http://web.archive.org/web/20180104233509/http://books.goalkicker.com/PythonBook/"
      },
      {
        "datetime": "2018-01-04T23:48:16Z",
        "uri": "http://web.archive.org/web/20180104234816/http://books.goalkicker.com/PythonBook/"
      },
      {
        "datetime": "2018-02-02T14:40:08Z",
        "uri": "http://web.archive.org/web/20180202144008/http://books.goalkicker.com/PythonBook/"
      }
    ],
    "first": {
      "datetime": "2018-01-04T23:35:09Z",
      "uri": "http://web.archive.org/web/20180104233509/http://books.goalkicker.com/PythonBook/"
    },
    "last": {
      "datetime": "2018-02-02T14:40:08Z",
      "uri": "http://web.archive.org/web/20180202144008/http://books.goalkicker.com/PythonBook/"
    }
  },
  "timemap_uri": {
    "link_format": "https://memgator.cs.odu.edu/timemap/link/http://books.goalkicker.com/PythonBook/%0A",
    "json_format": "https://memgator.cs.odu.edu/timemap/json/http://books.goalkicker.com/PythonBook/%0A",
    "cdxj_format": "https://memgator.cs.odu.edu/timemap/cdxj/http://books.goalkicker.com/PythonBook/%0A"
  },
  "timegate_uri": "https://memgator.cs.odu.edu/timegate/http://books.goalkicker.com/PythonBook/%0A"
}
