{
  "original_uri": "http://bit.ly/THnT0j%0A",
  "self": "https://memgator.cs.odu.edu/timemap/json/http://bit.ly/THnT0j%0A",
  "mementos": {
    "list": [
      {
        "datetime": "2014-10-07T08:13:00Z",
        "uri": "http://web.archive.org/web/20141007081300/http://bit.ly/THnT0j"
      },
      {
        "datetime": "2014-11-02T07:31:15Z",
        "uri": "http://web.archive.org/web/20141102073115/http://bit.ly/THnT0j"
      },
      {
        "datetime": "2014-11-15T19:36:16Z",
        "uri": "http://web.archive.org/web/20141115193616/http://bit.ly//THnT0j"
      },
      {
        "datetime": "2017-08-30T17:58:33Z",
        "uri": "http://web.archive.org/web/20170830175833/http://bit.ly/THnT0j"
      }
    ],
    "first": {
      "datetime": "2014-10-07T08:13:00Z",
      "uri": "http://web.archive.org/web/20141007081300/http://bit.ly/THnT0j"
    },
    "last": {
      "datetime": "2017-08-30T17:58:33Z",
      "uri": "http://web.archive.org/web/20170830175833/http://bit.ly/THnT0j"
    }
  },
  "timemap_uri": {
    "link_format": "https://memgator.cs.odu.edu/timemap/link/http://bit.ly/THnT0j%0A",
    "json_format": "https://memgator.cs.odu.edu/timemap/json/http://bit.ly/THnT0j%0A",
    "cdxj_format": "https://memgator.cs.odu.edu/timemap/cdxj/http://bit.ly/THnT0j%0A"
  },
  "timegate_uri": "https://memgator.cs.odu.edu/timegate/http://bit.ly/THnT0j%0A"
}
