{
  "original_uri": "http://zpy.io/d95ee355%0A",
  "self": "https://memgator.cs.odu.edu/timemap/json/http://zpy.io/d95ee355%0A",
  "mementos": {
    "list": [
      {
        "datetime": "2018-01-24T09:56:37Z",
        "uri": "http://web.archive.org/web/20180124095637/http://zpy.io/d95ee355"
      }
    ],
    "first": {
      "datetime": "2018-01-24T09:56:37Z",
      "uri": "http://web.archive.org/web/20180124095637/http://zpy.io/d95ee355"
    },
    "last": {
      "datetime": "2018-01-24T09:56:37Z",
      "uri": "http://web.archive.org/web/20180124095637/http://zpy.io/d95ee355"
    }
  },
  "timemap_uri": {
    "link_format": "https://memgator.cs.odu.edu/timemap/link/http://zpy.io/d95ee355%0A",
    "json_format": "https://memgator.cs.odu.edu/timemap/json/http://zpy.io/d95ee355%0A",
    "cdxj_format": "https://memgator.cs.odu.edu/timemap/cdxj/http://zpy.io/d95ee355%0A"
  },
  "timegate_uri": "https://memgator.cs.odu.edu/timegate/http://zpy.io/d95ee355%0A"
}
