{
  "original_uri": "https://erikrood.com/Posts/py_gsheets.html%0A",
  "self": "https://memgator.cs.odu.edu/timemap/json/https://erikrood.com/Posts/py_gsheets.html%0A",
  "mementos": {
    "list": [
      {
        "datetime": "2017-06-19T23:09:13Z",
        "uri": "http://web.archive.org/web/20170619230913/http://erikrood.com:80/Posts/py_gsheets.html"
      },
      {
        "datetime": "2017-08-11T17:20:36Z",
        "uri": "http://web.archive.org/web/20170811172036/http://erikrood.com:80/Posts/py_gsheets.html"
      },
      {
        "datetime": "2017-10-30T03:00:47Z",
        "uri": "http://web.archive.org/web/20171030030047/http://erikrood.com/Posts/py_gsheets.html"
      },
      {
        "datetime": "2017-10-30T05:00:53Z",
        "uri": "http://web.archive.org/web/20171030050053/http://erikrood.com/Posts/py_gsheets.html"
      }
    ],
    "first": {
      "datetime": "2017-06-19T23:09:13Z",
      "uri": "http://web.archive.org/web/20170619230913/http://erikrood.com:80/Posts/py_gsheets.html"
    },
    "last": {
      "datetime": "2017-10-30T05:00:53Z",
      "uri": "http://web.archive.org/web/20171030050053/http://erikrood.com/Posts/py_gsheets.html"
    }
  },
  "timemap_uri": {
    "link_format": "https://memgator.cs.odu.edu/timemap/link/https://erikrood.com/Posts/py_gsheets.html%0A",
    "json_format": "https://memgator.cs.odu.edu/timemap/json/https://erikrood.com/Posts/py_gsheets.html%0A",
    "cdxj_format": "https://memgator.cs.odu.edu/timemap/cdxj/https://erikrood.com/Posts/py_gsheets.html%0A"
  },
  "timegate_uri": "https://memgator.cs.odu.edu/timegate/https://erikrood.com/Posts/py_gsheets.html%0A"
}
