{
  "original_uri": "http://nlab.itmedia.co.jp/nl/articles/1701/05/news061.html%0A",
  "self": "https://memgator.cs.odu.edu/timemap/json/http://nlab.itmedia.co.jp/nl/articles/1701/05/news061.html%0A",
  "mementos": {
    "list": [
      {
        "datetime": "2017-01-06T08:08:42Z",
        "uri": "http://web.archive.org/web/20170106080842/http://nlab.itmedia.co.jp/nl/articles/1701/05/news061.html"
      },
      {
        "datetime": "2017-01-08T04:02:30Z",
        "uri": "http://web.archive.org/web/20170108040230/http://nlab.itmedia.co.jp:80/nl/articles/1701/05/news061.html"
      },
      {
        "datetime": "2017-06-04T13:54:54Z",
        "uri": "http://web.archive.org/web/20170604135454/http://nlab.itmedia.co.jp:80/nl/articles/1701/05/news061.html"
      },
      {
        "datetime": "2017-06-05T18:59:07Z",
        "uri": "http://web.archive.org/web/20170605185907/http://nlab.itmedia.co.jp:80/nl/articles/1701/05/news061.html"
      },
      {
        "datetime": "2017-07-04T07:36:20Z",
        "uri": "http://web.archive.org/web/20170704073620/http://nlab.itmedia.co.jp/nl/articles/1701/05/news061.html"
      },
      {
        "datetime": "2018-01-06T13:21:18Z",
        "uri": "http://web.archive.org/web/20180106132118/http://nlab.itmedia.co.jp/nl/articles/1701/05/news061.html"
      }
    ],
    "first": {
      "datetime": "2017-01-06T08:08:42Z",
      "uri": "http://web.archive.org/web/20170106080842/http://nlab.itmedia.co.jp/nl/articles/1701/05/news061.html"
    },
    "last": {
      "datetime": "2018-01-06T13:21:18Z",
      "uri": "http://web.archive.org/web/20180106132118/http://nlab.itmedia.co.jp/nl/articles/1701/05/news061.html"
    }
  },
  "timemap_uri": {
    "link_format": "https://memgator.cs.odu.edu/timemap/link/http://nlab.itmedia.co.jp/nl/articles/1701/05/news061.html%0A",
    "json_format": "https://memgator.cs.odu.edu/timemap/json/http://nlab.itmedia.co.jp/nl/articles/1701/05/news061.html%0A",
    "cdxj_format": "https://memgator.cs.odu.edu/timemap/cdxj/http://nlab.itmedia.co.jp/nl/articles/1701/05/news061.html%0A"
  },
  "timegate_uri": "https://memgator.cs.odu.edu/timegate/http://nlab.itmedia.co.jp/nl/articles/1701/05/news061.html%0A"
}
