{
  "original_uri": "http://zpy.io/e044858d%0A",
  "self": "https://memgator.cs.odu.edu/timemap/json/http://zpy.io/e044858d%0A",
  "mementos": {
    "list": [
      {
        "datetime": "2018-01-24T12:05:47Z",
        "uri": "http://web.archive.org/web/20180124120547/http://zpy.io/e044858d"
      }
    ],
    "first": {
      "datetime": "2018-01-24T12:05:47Z",
      "uri": "http://web.archive.org/web/20180124120547/http://zpy.io/e044858d"
    },
    "last": {
      "datetime": "2018-01-24T12:05:47Z",
      "uri": "http://web.archive.org/web/20180124120547/http://zpy.io/e044858d"
    }
  },
  "timemap_uri": {
    "link_format": "https://memgator.cs.odu.edu/timemap/link/http://zpy.io/e044858d%0A",
    "json_format": "https://memgator.cs.odu.edu/timemap/json/http://zpy.io/e044858d%0A",
    "cdxj_format": "https://memgator.cs.odu.edu/timemap/cdxj/http://zpy.io/e044858d%0A"
  },
  "timegate_uri": "https://memgator.cs.odu.edu/timegate/http://zpy.io/e044858d%0A"
}
