{
  "original_uri": "https://svn.python.org/projects/python%0A",
  "self": "https://memgator.cs.odu.edu/timemap/json/https://svn.python.org/projects/python%0A",
  "mementos": {
    "list": [
      {
        "datetime": "2005-11-25T13:47:11Z",
        "uri": "http://web.archive.org/web/20051125134711/http://svn.python.org:80/projects/python/"
      },
      {
        "datetime": "2006-02-21T00:40:09Z",
        "uri": "http://web.archive.org/web/20060221004009/http://svn.python.org:80/projects/python/"
      },
      {
        "datetime": "2006-02-21T14:11:59Z",
        "uri": "http://web.archive.org/web/20060221141159/http://svn.python.org:80/projects/python/"
      },
      {
        "datetime": "2006-04-28T17:40:15Z",
        "uri": "http://web.archive.org/web/20060428174015/http://svn.python.org:80/projects/python/"
      },
      {
        "datetime": "2006-05-04T17:24:51Z",
        "uri": "http://web.archive.org/web/20060504172451/http://svn.python.org:80/projects/python"
      },
      {
        "datetime": "2006-08-13T09:04:03Z",
        "uri": "http://web.archive.org/web/20060813090403/http://svn.python.org:80/projects/python/"
      },
      {
        "datetime": "2006-08-13T10:58:51Z",
        "uri": "http://web.archive.org/web/20060813105851/http://svn.python.org:80/projects/python/"
      },
      {
        "datetime": "2006-08-21T13:11:07Z",
        "uri": "http://web.archive.org/web/20060821131107/http://svn.python.org:80/projects/python/"
      },
      {
        "datetime": "2006-09-09T02:30:42Z",
        "uri": "http://web.archive.org/web/20060909023042/http://svn.python.org:80/projects/python/"
      },
      {
        "datetime": "2006-11-07T15:39:09Z",
        "uri": "http://web.archive.org/web/20061107153909/http://svn.python.org:80/projects/python/"
      },
      {
        "datetime": "2006-11-15T20:45:01Z",
        "uri": "http://web.archive.org/web/20061115204501/http://svn.python.org:80/projects/python/"
      },
      {
        "datetime": "2006-11-21T21:26:58Z",
        "uri": "http://web.archive.org/web/20061121212658/http://svn.python.org:80/projects/python/"
      },
      {
        "datetime": "2006-11-27T18:46:52Z",
        "uri": "http://web.archive.org/web/20061127184652/http://svn.python.org:80/projects/python/"
      },
      {
        "datetime": "2006-12-30T05:44:14Z",
        "uri": "http://web.archive.org/web/20061230054414/http://svn.python.org:80/projects/python/"
      },
      {
        "datetime": "2007-02-02T23:51:19Z",
        "uri": "http://web.archive.org/web/20070202235119/http://svn.python.org:80/projects/python/"
      },
      {
        "datetime": "2007-04-20T13:49:25Z",
        "uri": "http://web.archive.org/web/20070420134925/http://svn.python.org:80/projects/python/"
      },
      {
        "datetime": "2007-08-30T12:49:22Z",
        "uri": "http://web.archive.org/web/20070830124922/http://svn.python.org:80/projects/python/"
      },
      {
        "datetime": "2007-10-03T00:33:56Z",
        "uri": "http://web.archive.org/web/20071003003356/http://svn.python.org:80/projects/python/"
      },
      {
        "datetime": "2007-10-05T11:04:14Z",
        "uri": "http://web.archive.org/web/20071005110414/http://svn.python.org:80/projects/python/"
      },
      {
        "datetime": "2007-10-12T22:16:08Z",
        "uri": "http://web.archive.org/web/20071012221608/http://svn.python.org:80/projects/python/"
      },
      {
        "datetime": "2007-11-18T17:17:34Z",
        "uri": "http://web.archive.org/web/20071118171734/http://svn.python.org:80/projects/python/"
      },
      {
        "datetime": "2007-12-28T06:22:23Z",
        "uri": "http://web.archive.org/web/20071228062223/http://svn.python.org:80/projects/python/"
      },
      {
        "datetime": "2008-08-07T17:22:41Z",
        "uri": "http://web.archive.org/web/20080807172241/http://svn.python.org/projects/python/"
      },
      {
        "datetime": "2008-09-15T21:29:46Z",
        "uri": "http://web.archive.org/web/20080915212946/http://svn.python.org:80/projects/python/"
      },
      {
        "datetime": "2008-11-03T07:21:29Z",
        "uri": "http://web.archive.org/web/20081103072129/http://svn.python.org:80/projects/python/"
      },
      {
        "datetime": "2008-11-03T07:21:29Z",
        "uri": "http://web.archive.org/web/20081103072129/http://svn.python.org:80/projects/python/"
      },
      {
        "datetime": "2008-12-31T22:31:26Z",
        "uri": "http://web.archive.org/web/20081231223126/http://svn.python.org:80/projects/python/"
      },
      {
        "datetime": "2009-03-03T12:31:16Z",
        "uri": "http://web.archive.org/web/20090303123116/http://svn.python.org:80/projects/python/"
      },
      {
        "datetime": "2009-03-06T19:12:20Z",
        "uri": "http://web.archive.org/web/20090306191220/http://svn.python.org:80/projects/python/"
      },
      {
        "datetime": "2009-03-06T19:12:20Z",
        "uri": "http://web.archive.org/web/20090306191220/http://svn.python.org:80/projects/python"
      },
      {
        "datetime": "2009-04-07T04:34:48Z",
        "uri": "http://web.archive.org/web/20090407043448/http://svn.python.org:80/projects/python/"
      },
      {
        "datetime": "2009-04-07T04:34:48Z",
        "uri": "http://web.archive.org/web/20090407043448/http://svn.python.org:80/projects/python"
      },
      {
        "datetime": "2009-05-03T05:19:01Z",
        "uri": "http://web.archive.org/web/20090503051901/http://svn.python.org:80/projects/python/"
      },
      {
        "datetime": "2009-05-08T17:41:38Z",
        "uri": "http://web.archive.org/web/20090508174138/http://svn.python.org:80/projects/python/"
      },
      {
        "datetime": "2009-05-08T17:41:38Z",
        "uri": "http://web.archive.org/web/20090508174138/http://svn.python.org:80/projects/python"
      },
      {
        "datetime": "2009-06-09T13:00:02Z",
        "uri": "http://web.archive.org/web/20090609130002/http://svn.python.org:80/projects/python/"
      },
      {
        "datetime": "2009-06-09T13:00:02Z",
        "uri": "http://web.archive.org/web/20090609130002/http://svn.python.org:80/projects/python"
      },
      {
        "datetime": "2009-07-22T08:22:38Z",
        "uri": "http://web.archive.org/web/20090722082238/http://svn.python.org:80/projects/python/"
      },
      {
        "datetime": "2009-07-22T08:22:38Z",
        "uri": "http://web.archive.org/web/20090722082238/http://svn.python.org:80/projects/python"
      },
      {
        "datetime": "2009-12-16T14:11:06Z",
        "uri": "http://web.archive.org/web/20091216141106/http://svn.python.org:80/projects/python/"
      },
      {
        "datetime": "2009-12-16T14:11:06Z",
        "uri": "http://web.archive.org/web/20091216141106/http://svn.python.org:80/projects/python/"
      },
      {
        "datetime": "2009-12-16T14:11:06Z",
        "uri": "http://web.archive.org/web/20091216141106/http://svn.python.org:80/projects/python"
      },
      {
        "datetime": "2009-12-16T14:11:06Z",
        "uri": "http://web.archive.org/web/20091216141106/http://svn.python.org:80/projects/python"
      },
      {
        "datetime": "2010-01-20T09:30:37Z",
        "uri": "http://web.archive.org/web/20100120093037/http://svn.python.org:80/projects/python/"
      },
      {
        "datetime": "2010-01-20T09:30:37Z",
        "uri": "http://web.archive.org/web/20100120093037/http://svn.python.org:80/projects/python"
      },
      {
        "datetime": "2010-02-23T16:33:17Z",
        "uri": "http://web.archive.org/web/20100223163317/http://svn.python.org:80/projects/python/"
      },
      {
        "datetime": "2010-02-23T16:33:17Z",
        "uri": "http://web.archive.org/web/20100223163317/http://svn.python.org:80/projects/python"
      },
      {
        "datetime": "2010-03-28T19:24:15Z",
        "uri": "http://web.archive.org/web/20100328192415/http://svn.python.org:80/projects/python/"
      },
      {
        "datetime": "2010-03-28T19:24:15Z",
        "uri": "http://web.archive.org/web/20100328192415/http://svn.python.org:80/projects/python"
      },
      {
        "datetime": "2010-10-17T16:22:26Z",
        "uri": "http://web.archive.org/web/20101017162226/http://svn.python.org:80/projects/python/"
      },
      {
        "datetime": "2010-12-24T04:08:02Z",
        "uri": "http://web.archive.org/web/20101224040802/http://svn.python.org:80/projects/python/"
      },
      {
        "datetime": "2011-07-13T07:24:27Z",
        "uri": "http://web.archive.org/web/20110713072427/http://svn.python.org/projects/python/"
      },
      {
        "datetime": "2011-07-19T20:06:10Z",
        "uri": "http://web.archive.org/web/20110719200610/http://svn.python.org/projects/python/"
      },
      {
        "datetime": "2011-07-27T19:42:33Z",
        "uri": "http://web.archive.org/web/20110727194233/http://svn.python.org/projects/python/"
      },
      {
        "datetime": "2011-09-29T06:20:27Z",
        "uri": "http://web.archive.org/web/20110929062027/http://svn.python.org/projects/python/"
      },
      {
        "datetime": "2012-02-08T12:59:37Z",
        "uri": "http://web.archive.org/web/20120208125937/http://svn.python.org/projects/python/"
      },
      {
        "datetime": "2012-04-08T11:20:11Z",
        "uri": "http://web.archive.org/web/20120408112011/http://svn.python.org:80/projects/python/"
      },
      {
        "datetime": "2012-05-20T16:35:22Z",
        "uri": "http://web.archive.org/web/20120520163522/http://svn.python.org:80/projects/python/"
      },
      {
        "datetime": "2012-05-20T16:35:22Z",
        "uri": "http://web.archive.org/web/20120520163522/http://svn.python.org:80/projects/python"
      },
      {
        "datetime": "2012-06-19T04:53:00Z",
        "uri": "http://web.archive.org/web/20120619045300/http://svn.python.org:80/projects/python/"
      },
      {
        "datetime": "2012-06-20T10:24:18Z",
        "uri": "http://web.archive.org/web/20120620102418/http://svn.python.org:80/projects/python/"
      },
      {
        "datetime": "2012-06-20T10:24:18Z",
        "uri": "http://web.archive.org/web/20120620102418/http://svn.python.org:80/projects/python"
      },
      {
        "datetime": "2012-07-24T02:58:30Z",
        "uri": "http://web.archive.org/web/20120724025830/http://svn.python.org:80/projects/python/"
      },
      {
        "datetime": "2012-07-24T02:58:30Z",
        "uri": "http://web.archive.org/web/20120724025830/http://svn.python.org:80/projects/python"
      },
      {
        "datetime": "2012-08-18T12:15:02Z",
        "uri": "http://web.archive.org/web/20120818121502/http://svn.python.org:80/projects/python/"
      },
      {
        "datetime": "2013-01-13T07:50:09Z",
        "uri": "http://web.archive.org/web/20130113075009/http://svn.python.org:80/projects/python/"
      },
      {
        "datetime": "2013-11-11T03:23:11Z",
        "uri": "http://web.archive.org/web/20131111032311/http://svn.python.org:80/projects/python/"
      },
      {
        "datetime": "2013-11-11T03:23:11Z",
        "uri": "http://web.archive.org/web/20131111032311/http://svn.python.org:80/projects/python"
      },
      {
        "datetime": "2013-11-13T00:07:38Z",
        "uri": "http://web.archive.org/web/20131113000738/http://svn.python.org:80/projects/python/"
      },
      {
        "datetime": "2013-12-12T02:54:51Z",
        "uri": "http://web.archive.org/web/20131212025451/http://svn.python.org:80/projects/python/"
      },
      {
        "datetime": "2013-12-12T02:54:51Z",
        "uri": "http://web.archive.org/web/20131212025451/http://svn.python.org:80/projects/python"
      },
      {
        "datetime": "2014-01-12T06:24:21Z",
        "uri": "http://web.archive.org/web/20140112062421/http://svn.python.org:80/projects/python/"
      },
      {
        "datetime": "2014-01-12T06:24:21Z",
        "uri": "http://web.archive.org/web/20140112062421/http://svn.python.org:80/projects/python"
      },
      {
        "datetime": "2014-01-14T04:32:46Z",
        "uri": "http://web.archive.org/web/20140114043246/http://svn.python.org:80/projects/python/"
      },
      {
        "datetime": "2014-02-12T20:40:35Z",
        "uri": "http://web.archive.org/web/20140212204035/http://svn.python.org:80/projects/python/"
      },
      {
        "datetime": "2014-02-12T20:40:35Z",
        "uri": "http://web.archive.org/web/20140212204035/http://svn.python.org:80/projects/python"
      },
      {
        "datetime": "2014-05-06T00:14:49Z",
        "uri": "http://web.archive.org/web/20140506001449/http://svn.python.org:80/projects/python/"
      },
      {
        "datetime": "2014-05-06T00:14:49Z",
        "uri": "http://web.archive.org/web/20140506001449/http://svn.python.org:80/projects/python"
      },
      {
        "datetime": "2014-05-11T10:50:47Z",
        "uri": "http://web.archive.org/web/20140511105047/http://svn.python.org:80/projects/python/"
      },
      {
        "datetime": "2014-06-06T22:12:30Z",
        "uri": "http://web.archive.org/web/20140606221230/http://svn.python.org:80/projects/python/"
      },
      {
        "datetime": "2014-06-06T22:12:30Z",
        "uri": "http://web.archive.org/web/20140606221230/http://svn.python.org:80/projects/python"
      },
      {
        "datetime": "2014-07-09T00:09:58Z",
        "uri": "http://web.archive.org/web/20140709000958/http://svn.python.org:80/projects/python/"
      },
      {
        "datetime": "2014-07-09T00:09:58Z",
        "uri": "http://web.archive.org/web/20140709000958/http://svn.python.org:80/projects/python"
      },
      {
        "datetime": "2014-07-12T01:12:56Z",
        "uri": "http://web.archive.org/web/20140712011256/http://svn.python.org:80/projects/python/"
      },
      {
        "datetime": "2014-08-12T01:05:11Z",
        "uri": "http://web.archive.org/web/20140812010511/http://svn.python.org:80/projects/python/"
      },
      {
        "datetime": "2014-08-12T01:05:11Z",
        "uri": "http://web.archive.org/web/20140812010511/http://svn.python.org:80/projects/python"
      },
      {
        "datetime": "2014-08-19T13:14:42Z",
        "uri": "http://web.archive.org/web/20140819131442/http://svn.python.org/projects/python/"
      },
      {
        "datetime": "2015-01-04T03:16:44Z",
        "uri": "http://web.archive.org/web/20150104031644/http://svn.python.org:80/projects/python/"
      },
      {
        "datetime": "2015-01-04T03:16:44Z",
        "uri": "http://web.archive.org/web/20150104031644/http://svn.python.org:80/projects/python"
      },
      {
        "datetime": "2015-04-04T20:54:10Z",
        "uri": "http://web.archive.org/web/20150404205410/http://svn.python.org:80/projects/python/"
      },
      {
        "datetime": "2015-04-04T20:54:10Z",
        "uri": "http://web.archive.org/web/20150404205410/http://svn.python.org:80/projects/python"
      },
      {
        "datetime": "2015-04-06T01:26:47Z",
        "uri": "http://web.archive.org/web/20150406012647/http://svn.python.org:80/projects/python/"
      },
      {
        "datetime": "2015-05-06T04:53:23Z",
        "uri": "http://web.archive.org/web/20150506045323/http://svn.python.org:80/projects/python/"
      },
      {
        "datetime": "2015-05-06T04:53:23Z",
        "uri": "http://web.archive.org/web/20150506045323/http://svn.python.org:80/projects/python"
      },
      {
        "datetime": "2015-06-09T05:44:55Z",
        "uri": "http://web.archive.org/web/20150609054455/http://svn.python.org:80/projects/python/"
      },
      {
        "datetime": "2015-06-09T05:44:55Z",
        "uri": "http://web.archive.org/web/20150609054455/http://svn.python.org:80/projects/python"
      },
      {
        "datetime": "2015-07-09T18:05:06Z",
        "uri": "http://web.archive.org/web/20150709180506/http://svn.python.org:80/projects/python/"
      },
      {
        "datetime": "2015-07-09T18:05:06Z",
        "uri": "http://web.archive.org/web/20150709180506/http://svn.python.org:80/projects/python"
      },
      {
        "datetime": "2015-08-10T07:48:52Z",
        "uri": "http://web.archive.org/web/20150810074852/http://svn.python.org:80/projects/python/"
      },
      {
        "datetime": "2015-08-10T07:48:52Z",
        "uri": "http://web.archive.org/web/20150810074852/http://svn.python.org:80/projects/python"
      },
      {
        "datetime": "2015-09-14T07:14:17Z",
        "uri": "http://web.archive.org/web/20150914071417/http://svn.python.org:80/projects/python/"
      },
      {
        "datetime": "2015-09-14T07:14:17Z",
        "uri": "http://web.archive.org/web/20150914071417/http://svn.python.org:80/projects/python"
      },
      {
        "datetime": "2015-11-30T03:34:32Z",
        "uri": "http://web.archive.org/web/20151130033432/http://svn.python.org/projects/python/"
      },
      {
        "datetime": "2015-12-13T12:14:37Z",
        "uri": "http://web.archive.org/web/20151213121437/http://svn.python.org:80/projects/python/"
      },
      {
        "datetime": "2015-12-13T12:14:37Z",
        "uri": "http://web.archive.org/web/20151213121437/http://svn.python.org:80/projects/python"
      },
      {
        "datetime": "2015-12-15T23:58:05Z",
        "uri": "http://web.archive.org/web/20151215235805/http://svn.python.org:80/projects/python/"
      },
      {
        "datetime": "2016-01-13T07:50:45Z",
        "uri": "http://web.archive.org/web/20160113075045/http://svn.python.org:80/projects/python/"
      },
      {
        "datetime": "2016-01-13T07:50:45Z",
        "uri": "http://web.archive.org/web/20160113075045/http://svn.python.org:80/projects/python"
      },
      {
        "datetime": "2016-03-04T20:29:02Z",
        "uri": "http://web.archive.org/web/20160304202902/http://svn.python.org/projects/python/"
      },
      {
        "datetime": "2016-04-05T18:44:48Z",
        "uri": "http://web.archive.org/web/20160405184448/http://svn.python.org:80/projects/python/"
      },
      {
        "datetime": "2016-04-05T18:44:48Z",
        "uri": "http://web.archive.org/web/20160405184448/http://svn.python.org:80/projects/python"
      },
      {
        "datetime": "2016-05-13T15:38:40Z",
        "uri": "http://web.archive.org/web/20160513153840/http://svn.python.org:80/projects/python/"
      },
      {
        "datetime": "2016-05-13T15:38:40Z",
        "uri": "http://web.archive.org/web/20160513153840/http://svn.python.org:80/projects/python"
      },
      {
        "datetime": "2016-07-04T23:22:56Z",
        "uri": "http://web.archive.org/web/20160704232256/http://svn.python.org:80/projects/python/"
      },
      {
        "datetime": "2016-07-04T23:22:56Z",
        "uri": "http://web.archive.org/web/20160704232256/http://svn.python.org:80/projects/python"
      },
      {
        "datetime": "2016-07-20T00:55:21Z",
        "uri": "http://web.archive.org/web/20160720005521/http://svn.python.org:80/projects/python/"
      },
      {
        "datetime": "2016-08-04T23:44:12Z",
        "uri": "http://web.archive.org/web/20160804234412/http://svn.python.org:80/projects/python/"
      },
      {
        "datetime": "2016-08-04T23:44:12Z",
        "uri": "http://web.archive.org/web/20160804234412/http://svn.python.org:80/projects/python"
      },
      {
        "datetime": "2016-09-05T06:55:55Z",
        "uri": "http://web.archive.org/web/20160905065555/http://svn.python.org:80/projects/python/"
      },
      {
        "datetime": "2016-09-05T06:55:55Z",
        "uri": "http://web.archive.org/web/20160905065555/http://svn.python.org:80/projects/python"
      },
      {
        "datetime": "2016-09-19T04:45:45Z",
        "uri": "http://web.archive.org/web/20160919044545/http://svn.python.org:80/projects/python/"
      },
      {
        "datetime": "2016-10-10T08:52:05Z",
        "uri": "http://web.archive.org/web/20161010085205/http://svn.python.org:80/projects/python/"
      },
      {
        "datetime": "2016-10-10T08:52:05Z",
        "uri": "http://web.archive.org/web/20161010085205/http://svn.python.org:80/projects/python"
      },
      {
        "datetime": "2017-05-01T12:29:56Z",
        "uri": "http://web.archive.org/web/20170501122956/http://svn.python.org:80/projects/python/"
      },
      {
        "datetime": "2017-05-01T12:29:56Z",
        "uri": "http://web.archive.org/web/20170501122956/http://svn.python.org:80/projects/python"
      },
      {
        "datetime": "2017-06-02T17:38:51Z",
        "uri": "http://web.archive.org/web/20170602173851/http://svn.python.org:80/projects/python/"
      },
      {
        "datetime": "2017-06-02T17:38:51Z",
        "uri": "http://web.archive.org/web/20170602173851/http://svn.python.org:80/projects/python"
      },
      {
        "datetime": "2018-01-11T15:01:37Z",
        "uri": "http://web.archive.org/web/20180111150137/http://svn.python.org/projects/python/"
      }
    ],
    "first": {
      "datetime": "2005-11-25T13:47:11Z",
      "uri": "http://web.archive.org/web/20051125134711/http://svn.python.org:80/projects/python/"
    },
    "last": {
      "datetime": "2018-01-11T15:01:37Z",
      "uri": "http://web.archive.org/web/20180111150137/http://svn.python.org/projects/python/"
    }
  },
  "timemap_uri": {
    "link_format": "https://memgator.cs.odu.edu/timemap/link/https://svn.python.org/projects/python%0A",
    "json_format": "https://memgator.cs.odu.edu/timemap/json/https://svn.python.org/projects/python%0A",
    "cdxj_format": "https://memgator.cs.odu.edu/timemap/cdxj/https://svn.python.org/projects/python%0A"
  },
  "timegate_uri": "https://memgator.cs.odu.edu/timegate/https://svn.python.org/projects/python%0A"
}
