{
  "original_uri": "http://rplay.me/8538%0A",
  "self": "https://memgator.cs.odu.edu/timemap/json/http://rplay.me/8538%0A",
  "mementos": {
    "list": [
      {
        "datetime": "2017-07-15T01:19:54Z",
        "uri": "http://web.archive.org/web/20170715011954/http://rplay.me:80/8538"
      }
    ],
    "first": {
      "datetime": "2017-07-15T01:19:54Z",
      "uri": "http://web.archive.org/web/20170715011954/http://rplay.me:80/8538"
    },
    "last": {
      "datetime": "2017-07-15T01:19:54Z",
      "uri": "http://web.archive.org/web/20170715011954/http://rplay.me:80/8538"
    }
  },
  "timemap_uri": {
    "link_format": "https://memgator.cs.odu.edu/timemap/link/http://rplay.me/8538%0A",
    "json_format": "https://memgator.cs.odu.edu/timemap/json/http://rplay.me/8538%0A",
    "cdxj_format": "https://memgator.cs.odu.edu/timemap/cdxj/http://rplay.me/8538%0A"
  },
  "timegate_uri": "https://memgator.cs.odu.edu/timegate/http://rplay.me/8538%0A"
}
