{
  "original_uri": "http://gectcr.ac.in/%0A",
  "self": "https://memgator.cs.odu.edu/timemap/json/http://gectcr.ac.in/%0A",
  "mementos": {
    "list": [
      {
        "datetime": "2011-04-08T09:42:01Z",
        "uri": "http://web.archive.org/web/20110408094201/http://gectcr.ac.in/"
      },
      {
        "datetime": "2011-05-14T00:13:58Z",
        "uri": "http://web.archive.org/web/20110514001358/http://www.gectcr.ac.in:80/"
      },
      {
        "datetime": "2011-06-14T05:35:20Z",
        "uri": "http://web.archive.org/web/20110614053520/http://gectcr.ac.in:80/"
      },
      {
        "datetime": "2011-07-15T07:48:31Z",
        "uri": "http://web.archive.org/web/20110715074831/http://gectcr.ac.in:80/"
      },
      {
        "datetime": "2011-08-15T19:40:37Z",
        "uri": "http://web.archive.org/web/20110815194037/http://gectcr.ac.in:80/"
      },
      {
        "datetime": "2011-08-17T02:36:39Z",
        "uri": "http://web.archive.org/web/20110817023639/http://gectcr.ac.in/"
      },
      {
        "datetime": "2011-09-02T04:48:13Z",
        "uri": "http://web.archive.org/web/20110902044813/http://gectcr.ac.in:80/"
      },
      {
        "datetime": "2011-09-25T07:34:11Z",
        "uri": "http://web.archive.org/web/20110925073411/http://gectcr.ac.in:80/"
      },
      {
        "datetime": "2011-10-26T00:26:00Z",
        "uri": "http://web.archive.org/web/20111026002600/http://gectcr.ac.in:80/"
      },
      {
        "datetime": "2011-11-25T16:15:20Z",
        "uri": "http://web.archive.org/web/20111125161520/http://gectcr.ac.in:80/"
      },
      {
        "datetime": "2011-12-26T11:38:52Z",
        "uri": "http://web.archive.org/web/20111226113852/http://gectcr.ac.in:80/"
      },
      {
        "datetime": "2012-01-26T18:42:51Z",
        "uri": "http://web.archive.org/web/20120126184251/http://gectcr.ac.in:80/"
      },
      {
        "datetime": "2012-02-26T17:23:05Z",
        "uri": "http://web.archive.org/web/20120226172305/http://gectcr.ac.in:80/"
      },
      {
        "datetime": "2012-03-23T15:32:14Z",
        "uri": "http://web.archive.org/web/20120323153214/http://gectcr.ac.in/"
      },
      {
        "datetime": "2012-03-28T10:26:16Z",
        "uri": "http://web.archive.org/web/20120328102616/http://gectcr.ac.in:80/"
      },
      {
        "datetime": "2012-04-28T04:43:06Z",
        "uri": "http://web.archive.org/web/20120428044306/http://gectcr.ac.in:80/"
      },
      {
        "datetime": "2012-05-29T03:46:14Z",
        "uri": "http://web.archive.org/web/20120529034614/http://gectcr.ac.in:80/"
      },
      {
        "datetime": "2012-06-29T11:06:39Z",
        "uri": "http://web.archive.org/web/20120629110639/http://gectcr.ac.in:80/"
      },
      {
        "datetime": "2012-08-01T05:10:06Z",
        "uri": "http://web.archive.org/web/20120801051006/http://gectcr.ac.in:80/"
      },
      {
        "datetime": "2012-09-01T00:44:52Z",
        "uri": "http://web.archive.org/web/20120901004452/http://gectcr.ac.in:80/"
      },
      {
        "datetime": "2012-10-01T19:15:09Z",
        "uri": "http://web.archive.org/web/20121001191509/http://www.gectcr.ac.in:80/"
      },
      {
        "datetime": "2012-11-01T12:45:36Z",
        "uri": "http://web.archive.org/web/20121101124536/http://gectcr.ac.in:80/"
      },
      {
        "datetime": "2012-12-04T04:04:06Z",
        "uri": "http://web.archive.org/web/20121204040406/http://gectcr.ac.in:80/"
      },
      {
        "datetime": "2012-12-24T02:08:16Z",
        "uri": "http://web.archive.org/web/20121224020816/http://gectcr.ac.in/"
      },
      {
        "datetime": "2013-01-04T14:56:23Z",
        "uri": "http://web.archive.org/web/20130104145623/http://gectcr.ac.in:80/"
      },
      {
        "datetime": "2013-02-04T14:09:50Z",
        "uri": "http://web.archive.org/web/20130204140950/http://gectcr.ac.in:80/"
      },
      {
        "datetime": "2013-02-12T14:09:14Z",
        "uri": "http://web.archive.org/web/20130212140914/http://gectcr.ac.in/"
      },
      {
        "datetime": "2013-03-07T17:22:34Z",
        "uri": "http://web.archive.org/web/20130307172234/http://gectcr.ac.in:80/"
      },
      {
        "datetime": "2013-04-10T02:55:36Z",
        "uri": "http://web.archive.org/web/20130410025536/http://gectcr.ac.in:80/"
      },
      {
        "datetime": "2013-05-02T19:50:02Z",
        "uri": "http://web.archive.org/web/20130502195002/http://gectcr.ac.in/"
      },
      {
        "datetime": "2013-05-11T01:47:45Z",
        "uri": "http://web.archive.org/web/20130511014745/http://gectcr.ac.in:80/"
      },
      {
        "datetime": "2013-05-21T09:17:27Z",
        "uri": "http://web.archive.org/web/20130521091727/http://gectcr.ac.in/"
      },
      {
        "datetime": "2013-06-15T06:33:46Z",
        "uri": "http://web.archive.org/web/20130615063346/http://www.gectcr.ac.in/"
      },
      {
        "datetime": "2013-06-29T19:10:17Z",
        "uri": "http://web.archive.org/web/20130629191017/http://gectcr.ac.in:80/"
      },
      {
        "datetime": "2013-07-16T01:46:28Z",
        "uri": "http://web.archive.org/web/20130716014628/http://gectcr.ac.in:80/"
      },
      {
        "datetime": "2013-08-05T06:45:33Z",
        "uri": "http://web.archive.org/web/20130805064533/http://gectcr.ac.in/"
      },
      {
        "datetime": "2013-08-06T00:19:36Z",
        "uri": "http://web.archive.org/web/20130806001936/http://gectcr.ac.in:80/"
      },
      {
        "datetime": "2013-08-09T03:40:42Z",
        "uri": "http://web.archive.org/web/20130809034042/http://gectcr.ac.in/"
      },
      {
        "datetime": "2013-08-16T01:07:02Z",
        "uri": "http://web.archive.org/web/20130816010702/http://www.gectcr.ac.in/"
      },
      {
        "datetime": "2013-09-05T14:50:16Z",
        "uri": "http://web.archive.org/web/20130905145016/http://gectcr.ac.in:80/"
      },
      {
        "datetime": "2013-10-08T23:33:03Z",
        "uri": "http://web.archive.org/web/20131008233303/http://gectcr.ac.in:80/"
      },
      {
        "datetime": "2013-11-03T18:21:23Z",
        "uri": "http://web.archive.org/web/20131103182123/http://gectcr.ac.in:80/"
      },
      {
        "datetime": "2013-11-26T23:53:54Z",
        "uri": "http://web.archive.org/web/20131126235354/http://gectcr.ac.in:80/"
      },
      {
        "datetime": "2013-12-25T00:41:07Z",
        "uri": "http://web.archive.org/web/20131225004107/http://gectcr.ac.in/"
      },
      {
        "datetime": "2013-12-29T13:24:18Z",
        "uri": "http://web.archive.org/web/20131229132418/http://gectcr.ac.in:80/"
      },
      {
        "datetime": "2014-01-25T08:41:37Z",
        "uri": "http://web.archive.org/web/20140125084137/http://gectcr.ac.in:80/"
      },
      {
        "datetime": "2014-02-07T22:49:31Z",
        "uri": "http://web.archive.org/web/20140207224931/http://gectcr.ac.in/"
      },
      {
        "datetime": "2014-02-26T06:25:42Z",
        "uri": "http://web.archive.org/web/20140226062542/http://gectcr.ac.in:80/"
      },
      {
        "datetime": "2014-03-27T06:00:41Z",
        "uri": "http://web.archive.org/web/20140327060041/http://gectcr.ac.in/"
      },
      {
        "datetime": "2014-03-28T01:25:52Z",
        "uri": "http://web.archive.org/web/20140328012552/http://www.gectcr.ac.in:80/"
      },
      {
        "datetime": "2014-03-30T05:53:44Z",
        "uri": "http://web.archive.org/web/20140330055344/http://www.gectcr.ac.in/"
      },
      {
        "datetime": "2014-04-27T04:06:46Z",
        "uri": "http://web.archive.org/web/20140427040646/http://gectcr.ac.in:80/"
      },
      {
        "datetime": "2014-05-13T05:58:53Z",
        "uri": "http://web.archive.org/web/20140513055853/http://gectcr.ac.in:80/"
      },
      {
        "datetime": "2014-05-17T16:38:51Z",
        "uri": "http://web.archive.org/web/20140517163851/http://gectcr.ac.in/"
      },
      {
        "datetime": "2014-05-26T07:33:05Z",
        "uri": "http://web.archive.org/web/20140526073305/http://gectcr.ac.in:80/"
      },
      {
        "datetime": "2014-06-08T07:37:40Z",
        "uri": "http://web.archive.org/web/20140608073740/http://gectcr.ac.in:80/"
      },
      {
        "datetime": "2014-06-09T23:19:53Z",
        "uri": "http://web.archive.org/web/20140609231953/http://gectcr.ac.in:80/"
      },
      {
        "datetime": "2014-06-11T04:52:21Z",
        "uri": "http://web.archive.org/web/20140611045221/http://gectcr.ac.in:80/"
      },
      {
        "datetime": "2014-06-17T12:59:11Z",
        "uri": "http://web.archive.org/web/20140617125911/http://gectcr.ac.in:80/"
      },
      {
        "datetime": "2014-06-18T20:30:57Z",
        "uri": "http://web.archive.org/web/20140618203057/http://gectcr.ac.in:80/?"
      },
      {
        "datetime": "2014-06-18T20:31:08Z",
        "uri": "http://web.archive.org/web/20140618203108/http://gectcr.ac.in:80/"
      },
      {
        "datetime": "2014-06-21T04:13:31Z",
        "uri": "http://web.archive.org/web/20140621041331/http://gectcr.ac.in:80/"
      },
      {
        "datetime": "2014-06-22T07:42:33Z",
        "uri": "http://web.archive.org/web/20140622074233/http://gectcr.ac.in:80/"
      },
      {
        "datetime": "2014-06-25T03:58:41Z",
        "uri": "http://web.archive.org/web/20140625035841/http://gectcr.ac.in/"
      },
      {
        "datetime": "2014-06-25T08:52:44Z",
        "uri": "http://web.archive.org/web/20140625085244/http://gectcr.ac.in/"
      },
      {
        "datetime": "2014-06-27T02:42:35Z",
        "uri": "http://web.archive.org/web/20140627024235/http://gectcr.ac.in:80/"
      },
      {
        "datetime": "2014-06-29T10:28:10Z",
        "uri": "http://web.archive.org/web/20140629102810/http://www.gectcr.ac.in/"
      },
      {
        "datetime": "2014-07-03T22:56:24Z",
        "uri": "http://web.archive.org/web/20140703225624/http://gectcr.ac.in:80/"
      },
      {
        "datetime": "2014-07-11T00:20:44Z",
        "uri": "http://web.archive.org/web/20140711002044/http://gectcr.ac.in:80/"
      },
      {
        "datetime": "2014-07-13T10:45:55Z",
        "uri": "http://web.archive.org/web/20140713104555/http://gectcr.ac.in:80/"
      },
      {
        "datetime": "2014-07-20T08:01:13Z",
        "uri": "http://web.archive.org/web/20140720080113/http://gectcr.ac.in:80/?"
      },
      {
        "datetime": "2014-07-20T15:19:30Z",
        "uri": "http://web.archive.org/web/20140720151930/http://gectcr.ac.in:80/"
      },
      {
        "datetime": "2014-07-23T05:12:48Z",
        "uri": "http://web.archive.org/web/20140723051248/http://gectcr.ac.in:80/"
      },
      {
        "datetime": "2014-07-30T15:46:26Z",
        "uri": "http://web.archive.org/web/20140730154626/http://gectcr.ac.in:80/"
      },
      {
        "datetime": "2014-08-12T01:59:18Z",
        "uri": "http://web.archive.org/web/20140812015918/http://gectcr.ac.in:80/"
      },
      {
        "datetime": "2014-08-13T05:45:55Z",
        "uri": "http://web.archive.org/web/20140813054555/http://gectcr.ac.in:80/"
      },
      {
        "datetime": "2014-08-15T01:45:33Z",
        "uri": "http://web.archive.org/web/20140815014533/http://gectcr.ac.in:80/"
      },
      {
        "datetime": "2014-08-16T04:15:50Z",
        "uri": "http://web.archive.org/web/20140816041550/http://gectcr.ac.in:80/"
      },
      {
        "datetime": "2014-08-18T15:41:31Z",
        "uri": "http://web.archive.org/web/20140818154131/http://gectcr.ac.in:80/"
      },
      {
        "datetime": "2014-08-20T10:16:24Z",
        "uri": "http://web.archive.org/web/20140820101624/http://gectcr.ac.in:80/?"
      },
      {
        "datetime": "2014-08-20T18:18:24Z",
        "uri": "http://web.archive.org/web/20140820181824/http://gectcr.ac.in:80/"
      },
      {
        "datetime": "2014-08-22T22:42:23Z",
        "uri": "http://web.archive.org/web/20140822224223/http://gectcr.ac.in:80/"
      },
      {
        "datetime": "2014-08-23T01:01:35Z",
        "uri": "http://web.archive.org/web/20140823010135/http://gectcr.ac.in:80/"
      },
      {
        "datetime": "2014-08-23T15:04:55Z",
        "uri": "http://web.archive.org/web/20140823150455/http://gectcr.ac.in/"
      },
      {
        "datetime": "2014-08-24T10:44:52Z",
        "uri": "http://web.archive.org/web/20140824104452/http://gectcr.ac.in:80/"
      },
      {
        "datetime": "2014-09-01T02:09:48Z",
        "uri": "http://web.archive.org/web/20140901020948/http://gectcr.ac.in:80/"
      },
      {
        "datetime": "2014-09-12T06:05:21Z",
        "uri": "http://web.archive.org/web/20140912060521/http://gectcr.ac.in:80/"
      },
      {
        "datetime": "2014-09-13T20:42:44Z",
        "uri": "http://web.archive.org/web/20140913204244/http://gectcr.ac.in:80/"
      },
      {
        "datetime": "2014-09-16T06:42:48Z",
        "uri": "http://web.archive.org/web/20140916064248/http://gectcr.ac.in:80/"
      },
      {
        "datetime": "2014-09-20T19:36:17Z",
        "uri": "http://web.archive.org/web/20140920193617/http://gectcr.ac.in:80/"
      },
      {
        "datetime": "2014-10-19T13:45:29Z",
        "uri": "http://web.archive.org/web/20141019134529/http://gectcr.ac.in:80/"
      },
      {
        "datetime": "2014-11-15T17:59:56Z",
        "uri": "http://web.archive.org/web/20141115175956/http://gectcr.ac.in:80/?"
      },
      {
        "datetime": "2014-11-16T15:19:01Z",
        "uri": "http://web.archive.org/web/20141116151901/http://gectcr.ac.in:80/"
      },
      {
        "datetime": "2014-12-06T08:14:48Z",
        "uri": "http://web.archive.org/web/20141206081448/http://gectcr.ac.in:80/"
      },
      {
        "datetime": "2014-12-16T06:18:35Z",
        "uri": "http://web.archive.org/web/20141216061835/http://gectcr.ac.in:80/?"
      },
      {
        "datetime": "2014-12-18T14:16:06Z",
        "uri": "http://web.archive.org/web/20141218141606/http://gectcr.ac.in/"
      },
      {
        "datetime": "2014-12-26T08:33:59Z",
        "uri": "http://web.archive.org/web/20141226083359/http://gectcr.ac.in:80/"
      },
      {
        "datetime": "2015-01-15T19:56:12Z",
        "uri": "http://web.archive.org/web/20150115195612/http://gectcr.ac.in:80/"
      },
      {
        "datetime": "2015-01-15T23:49:02Z",
        "uri": "http://web.archive.org/web/20150115234902/http://gectcr.ac.in:80/?"
      },
      {
        "datetime": "2015-01-29T11:42:38Z",
        "uri": "http://web.archive.org/web/20150129114238/http://gectcr.ac.in:80/"
      },
      {
        "datetime": "2015-02-05T22:03:12Z",
        "uri": "http://web.archive.org/web/20150205220312/http://gectcr.ac.in:80/"
      },
      {
        "datetime": "2015-02-06T23:32:31Z",
        "uri": "http://web.archive.org/web/20150206233231/http://gectcr.ac.in:80/"
      },
      {
        "datetime": "2015-02-21T01:36:17Z",
        "uri": "http://web.archive.org/web/20150221013617/http://gectcr.ac.in:80/"
      },
      {
        "datetime": "2015-03-14T19:14:08Z",
        "uri": "http://web.archive.org/web/20150314191408/http://gectcr.ac.in/"
      },
      {
        "datetime": "2015-03-15T00:41:22Z",
        "uri": "http://web.archive.org/web/20150315004122/http://gectcr.ac.in/"
      },
      {
        "datetime": "2015-03-20T22:33:34Z",
        "uri": "http://web.archive.org/web/20150320223334/http://gectcr.ac.in:80/"
      },
      {
        "datetime": "2015-04-07T21:28:57Z",
        "uri": "http://web.archive.org/web/20150407212857/http://gectcr.ac.in:80/"
      },
      {
        "datetime": "2015-04-14T04:40:21Z",
        "uri": "http://web.archive.org/web/20150414044021/http://gectcr.ac.in:80/"
      },
      {
        "datetime": "2015-04-16T05:34:51Z",
        "uri": "http://web.archive.org/web/20150416053451/http://gectcr.ac.in/"
      },
      {
        "datetime": "2015-04-18T13:48:44Z",
        "uri": "http://web.archive.org/web/20150418134844/http://gectcr.ac.in:80/?"
      },
      {
        "datetime": "2015-04-24T01:27:54Z",
        "uri": "http://web.archive.org/web/20150424012754/http://gectcr.ac.in:80/"
      },
      {
        "datetime": "2015-04-25T07:07:33Z",
        "uri": "http://web.archive.org/web/20150425070733/http://gectcr.ac.in:80/"
      },
      {
        "datetime": "2015-05-05T23:02:18Z",
        "uri": "http://web.archive.org/web/20150505230218/http://gectcr.ac.in:80/"
      },
      {
        "datetime": "2015-05-16T03:28:38Z",
        "uri": "http://web.archive.org/web/20150516032838/http://gectcr.ac.in:80/"
      },
      {
        "datetime": "2015-05-20T12:48:19Z",
        "uri": "http://web.archive.org/web/20150520124819/http://gectcr.ac.in:80/?"
      },
      {
        "datetime": "2015-05-25T03:22:24Z",
        "uri": "http://web.archive.org/web/20150525032224/http://gectcr.ac.in:80/"
      },
      {
        "datetime": "2015-06-17T02:02:40Z",
        "uri": "http://web.archive.org/web/20150617020240/http://gectcr.ac.in:80/"
      },
      {
        "datetime": "2015-06-21T17:41:18Z",
        "uri": "http://web.archive.org/web/20150621174118/http://gectcr.ac.in:80/?"
      },
      {
        "datetime": "2015-07-07T01:19:57Z",
        "uri": "http://web.archive.org/web/20150707011957/http://gectcr.ac.in:80/"
      },
      {
        "datetime": "2015-07-19T02:25:16Z",
        "uri": "http://web.archive.org/web/20150719022516/http://gectcr.ac.in:80/"
      },
      {
        "datetime": "2015-07-25T06:02:48Z",
        "uri": "http://web.archive.org/web/20150725060248/http://gectcr.ac.in:80/?"
      },
      {
        "datetime": "2015-08-16T03:56:53Z",
        "uri": "http://web.archive.org/web/20150816035653/http://gectcr.ac.in:80/"
      },
      {
        "datetime": "2015-08-20T16:12:45Z",
        "uri": "http://web.archive.org/web/20150820161245/http://gectcr.ac.in:80/"
      },
      {
        "datetime": "2015-08-25T03:21:39Z",
        "uri": "http://web.archive.org/web/20150825032139/http://gectcr.ac.in:80/?"
      },
      {
        "datetime": "2015-09-20T07:52:59Z",
        "uri": "http://web.archive.org/web/20150920075259/http://gectcr.ac.in:80/"
      },
      {
        "datetime": "2015-09-25T05:37:23Z",
        "uri": "http://web.archive.org/web/20150925053723/http://gectcr.ac.in:80/?"
      },
      {
        "datetime": "2015-10-15T02:07:56Z",
        "uri": "http://web.archive.org/web/20151015020756/http://gectcr.ac.in:80/"
      },
      {
        "datetime": "2015-10-31T06:10:33Z",
        "uri": "http://web.archive.org/web/20151031061033/http://gectcr.ac.in:80/?"
      },
      {
        "datetime": "2015-11-04T02:13:07Z",
        "uri": "http://web.archive.org/web/20151104021307/http://gectcr.ac.in:80/"
      },
      {
        "datetime": "2015-11-30T23:15:30Z",
        "uri": "http://web.archive.org/web/20151130231530/http://gectcr.ac.in:80/?"
      },
      {
        "datetime": "2015-12-05T06:21:51Z",
        "uri": "http://web.archive.org/web/20151205062151/http://gectcr.ac.in:80/"
      },
      {
        "datetime": "2016-01-02T03:50:58Z",
        "uri": "http://web.archive.org/web/20160102035058/http://gectcr.ac.in:80/"
      },
      {
        "datetime": "2016-01-09T19:31:15Z",
        "uri": "http://web.archive.org/web/20160109193115/http://gectcr.ac.in/"
      },
      {
        "datetime": "2016-01-20T22:31:07Z",
        "uri": "http://web.archive.org/web/20160120223107/http://gectcr.ac.in/"
      },
      {
        "datetime": "2016-01-22T05:19:08Z",
        "uri": "http://web.archive.org/web/20160122051908/http://gectcr.ac.in:80/"
      },
      {
        "datetime": "2016-02-17T02:08:48Z",
        "uri": "http://web.archive.org/web/20160217020848/http://gectcr.ac.in:80/"
      },
      {
        "datetime": "2016-02-17T17:46:50Z",
        "uri": "http://web.archive.org/web/20160217174650/http://www.gectcr.ac.in/"
      },
      {
        "datetime": "2016-02-19T22:14:40Z",
        "uri": "http://web.archive.org/web/20160219221440/http://gectcr.ac.in/"
      },
      {
        "datetime": "2016-02-23T04:02:49Z",
        "uri": "http://web.archive.org/web/20160223040249/http://gectcr.ac.in:80/?"
      },
      {
        "datetime": "2016-03-05T04:05:15Z",
        "uri": "http://web.archive.org/web/20160305040515/http://gectcr.ac.in/"
      },
      {
        "datetime": "2016-03-05T11:39:10Z",
        "uri": "http://web.archive.org/web/20160305113910/http://gectcr.ac.in/"
      },
      {
        "datetime": "2016-03-09T12:36:49Z",
        "uri": "http://web.archive.org/web/20160309123649/http://www.gectcr.ac.in/"
      },
      {
        "datetime": "2016-03-13T03:42:41Z",
        "uri": "http://web.archive.org/web/20160313034241/http://gectcr.ac.in:80/"
      },
      {
        "datetime": "2016-03-24T19:28:05Z",
        "uri": "http://web.archive.org/web/20160324192805/http://gectcr.ac.in:80/?"
      },
      {
        "datetime": "2016-04-03T10:50:32Z",
        "uri": "http://web.archive.org/web/20160403105032/http://gectcr.ac.in/"
      },
      {
        "datetime": "2016-04-03T10:50:55Z",
        "uri": "http://web.archive.org/web/20160403105055/http://gectcr.ac.in/"
      },
      {
        "datetime": "2016-04-11T21:49:32Z",
        "uri": "http://web.archive.org/web/20160411214932/http://gectcr.ac.in:80/"
      },
      {
        "datetime": "2016-04-14T14:26:26Z",
        "uri": "http://web.archive.org/web/20160414142626/http://gectcr.ac.in:80/"
      },
      {
        "datetime": "2016-04-23T04:17:54Z",
        "uri": "http://web.archive.org/web/20160423041754/http://www.gectcr.ac.in/"
      },
      {
        "datetime": "2016-04-26T17:27:37Z",
        "uri": "http://web.archive.org/web/20160426172737/http://gectcr.ac.in:80/?"
      },
      {
        "datetime": "2016-04-29T08:27:33Z",
        "uri": "http://web.archive.org/web/20160429082733/http://www.gectcr.ac.in/"
      },
      {
        "datetime": "2016-05-06T11:24:04Z",
        "uri": "http://web.archive.org/web/20160506112404/http://gectcr.ac.in:80/"
      },
      {
        "datetime": "2016-05-16T03:56:16Z",
        "uri": "http://web.archive.org/web/20160516035616/http://gectcr.ac.in:80/"
      },
      {
        "datetime": "2016-05-17T04:49:12Z",
        "uri": "http://web.archive.org/web/20160517044912/http://gectcr.ac.in:80/"
      },
      {
        "datetime": "2016-05-31T09:56:53Z",
        "uri": "http://web.archive.org/web/20160531095653/http://gectcr.ac.in:80/?"
      },
      {
        "datetime": "2016-06-09T11:08:49Z",
        "uri": "http://web.archive.org/web/20160609110849/http://gectcr.ac.in:80/"
      },
      {
        "datetime": "2016-06-19T09:16:36Z",
        "uri": "http://web.archive.org/web/20160619091636/http://gectcr.ac.in:80/"
      },
      {
        "datetime": "2016-07-03T07:05:04Z",
        "uri": "http://web.archive.org/web/20160703070504/http://gectcr.ac.in:80/?"
      },
      {
        "datetime": "2016-07-03T20:47:49Z",
        "uri": "http://web.archive.org/web/20160703204749/http://gectcr.ac.in:80/"
      },
      {
        "datetime": "2016-07-22T08:31:45Z",
        "uri": "http://web.archive.org/web/20160722083145/http://gectcr.ac.in:80/"
      },
      {
        "datetime": "2016-07-24T06:44:35Z",
        "uri": "http://web.archive.org/web/20160724064435/http://gectcr.ac.in:80/"
      },
      {
        "datetime": "2016-08-15T18:21:23Z",
        "uri": "http://web.archive.org/web/20160815182123/http://gectcr.ac.in:80/"
      },
      {
        "datetime": "2016-08-18T11:05:57Z",
        "uri": "http://web.archive.org/web/20160818110557/http://gectcr.ac.in:80/?"
      },
      {
        "datetime": "2016-09-07T23:47:47Z",
        "uri": "http://web.archive.org/web/20160907234747/http://gectcr.ac.in:80/"
      },
      {
        "datetime": "2016-09-19T03:02:11Z",
        "uri": "http://web.archive.org/web/20160919030211/http://gectcr.ac.in:80/?"
      },
      {
        "datetime": "2016-09-27T22:33:17Z",
        "uri": "http://web.archive.org/web/20160927223317/http://gectcr.ac.in:80/"
      },
      {
        "datetime": "2016-09-29T02:27:07Z",
        "uri": "http://web.archive.org/web/20160929022707/http://gectcr.ac.in:80/"
      },
      {
        "datetime": "2016-10-04T10:27:42Z",
        "uri": "http://web.archive.org/web/20161004102742/http://gectcr.ac.in/"
      },
      {
        "datetime": "2016-10-21T03:48:11Z",
        "uri": "http://web.archive.org/web/20161021034811/http://gectcr.ac.in:80/"
      },
      {
        "datetime": "2016-10-21T03:51:36Z",
        "uri": "http://web.archive.org/web/20161021035136/http://gectcr.ac.in:80/?"
      },
      {
        "datetime": "2016-10-22T06:14:03Z",
        "uri": "http://web.archive.org/web/20161022061403/http://gectcr.ac.in:80/?"
      },
      {
        "datetime": "2016-10-22T06:21:11Z",
        "uri": "http://web.archive.org/web/20161022062111/http://gectcr.ac.in:80/"
      },
      {
        "datetime": "2016-11-06T20:11:59Z",
        "uri": "http://web.archive.org/web/20161106201159/http://gectcr.ac.in:80/"
      },
      {
        "datetime": "2016-11-09T00:06:09Z",
        "uri": "http://web.archive.org/web/20161109000609/http://gectcr.ac.in/"
      },
      {
        "datetime": "2016-11-12T06:00:27Z",
        "uri": "http://web.archive.org/web/20161112060027/http://gectcr.ac.in:80/"
      },
      {
        "datetime": "2016-11-20T13:10:14Z",
        "uri": "http://web.archive.org/web/20161120131014/http://www.gectcr.ac.in:80/"
      },
      {
        "datetime": "2016-11-21T02:06:59Z",
        "uri": "http://web.archive.org/web/20161121020659/http://gectcr.ac.in:80/"
      },
      {
        "datetime": "2016-12-13T02:41:40Z",
        "uri": "http://web.archive.org/web/20161213024140/http://gectcr.ac.in:80/?"
      },
      {
        "datetime": "2017-01-03T07:20:01Z",
        "uri": "http://web.archive.org/web/20170103072001/http://www.gectcr.ac.in/"
      },
      {
        "datetime": "2017-01-20T02:59:18Z",
        "uri": "http://web.archive.org/web/20170120025918/http://www.gectcr.ac.in:80/"
      },
      {
        "datetime": "2017-04-07T10:23:27Z",
        "uri": "http://web.archive.org/web/20170407102327/http://www.gectcr.ac.in:80/"
      },
      {
        "datetime": "2017-05-04T18:38:44Z",
        "uri": "http://web.archive.org/web/20170504183844/http://gectcr.ac.in:80/?"
      },
      {
        "datetime": "2017-05-22T19:47:22Z",
        "uri": "http://web.archive.org/web/20170522194722/http://gectcr.ac.in:80/"
      },
      {
        "datetime": "2017-06-03T20:53:49Z",
        "uri": "http://web.archive.org/web/20170603205349/http://gectcr.ac.in/"
      },
      {
        "datetime": "2017-06-04T10:41:17Z",
        "uri": "http://web.archive.org/web/20170604104117/http://gectcr.ac.in:80/"
      },
      {
        "datetime": "2017-06-04T19:37:45Z",
        "uri": "http://web.archive.org/web/20170604193745/http://gectcr.ac.in:80/?"
      },
      {
        "datetime": "2017-06-05T19:55:34Z",
        "uri": "http://web.archive.org/web/20170605195534/http://gectcr.ac.in/"
      },
      {
        "datetime": "2017-06-07T00:01:54Z",
        "uri": "http://web.archive.org/web/20170607000154/http://mailto:jubileecommittee@gectcr.ac.in/"
      },
      {
        "datetime": "2017-06-07T04:26:14Z",
        "uri": "http://web.archive.org/web/20170607042614/http://www.gectcr.ac.in:80/"
      },
      {
        "datetime": "2017-06-07T04:26:14Z",
        "uri": "http://web.archive.org/web/20170607042614/http://gectcr.ac.in:80/"
      },
      {
        "datetime": "2017-06-14T10:56:53Z",
        "uri": "http://web.archive.org/web/20170614105653/http://gectcr.ac.in:80/"
      },
      {
        "datetime": "2017-06-16T08:31:52Z",
        "uri": "http://web.archive.org/web/20170616083152/http://www.gectcr.ac.in/"
      },
      {
        "datetime": "2017-06-22T00:13:04Z",
        "uri": "http://web.archive.org/web/20170622001304/http://gectcr.ac.in/"
      },
      {
        "datetime": "2017-06-25T22:06:11Z",
        "uri": "http://web.archive.org/web/20170625220611/http://gectcr.ac.in:80/"
      },
      {
        "datetime": "2017-07-05T22:42:03Z",
        "uri": "http://web.archive.org/web/20170705224203/http://gectcr.ac.in:80/?"
      },
      {
        "datetime": "2017-07-08T09:40:57Z",
        "uri": "http://web.archive.org/web/20170708094057/http://gectcr.ac.in:80/"
      },
      {
        "datetime": "2017-07-19T23:41:27Z",
        "uri": "http://web.archive.org/web/20170719234127/http://gectcr.ac.in:80/"
      },
      {
        "datetime": "2017-07-22T03:28:46Z",
        "uri": "http://web.archive.org/web/20170722032846/http://gectcr.ac.in:80/"
      },
      {
        "datetime": "2017-07-30T20:16:34Z",
        "uri": "http://web.archive.org/web/20170730201634/http://gectcr.ac.in:80/"
      },
      {
        "datetime": "2017-08-05T17:47:42Z",
        "uri": "http://web.archive.org/web/20170805174742/http://gectcr.ac.in:80/?"
      },
      {
        "datetime": "2017-08-09T06:29:33Z",
        "uri": "http://web.archive.org/web/20170809062933/http://gectcr.ac.in:80/"
      },
      {
        "datetime": "2017-08-10T09:59:55Z",
        "uri": "http://web.archive.org/web/20170810095955/http://www.gectcr.ac.in:80/"
      },
      {
        "datetime": "2017-08-10T09:59:55Z",
        "uri": "http://web.archive.org/web/20170810095955/http://gectcr.ac.in:80/"
      },
      {
        "datetime": "2018-02-11T21:00:53Z",
        "uri": "http://web.archive.org/web/20180211210053/http://gectcr.ac.in/"
      }
    ],
    "first": {
      "datetime": "2011-04-08T09:42:01Z",
      "uri": "http://web.archive.org/web/20110408094201/http://gectcr.ac.in/"
    },
    "last": {
      "datetime": "2018-02-11T21:00:53Z",
      "uri": "http://web.archive.org/web/20180211210053/http://gectcr.ac.in/"
    }
  },
  "timemap_uri": {
    "link_format": "https://memgator.cs.odu.edu/timemap/link/http://gectcr.ac.in/%0A",
    "json_format": "https://memgator.cs.odu.edu/timemap/json/http://gectcr.ac.in/%0A",
    "cdxj_format": "https://memgator.cs.odu.edu/timemap/cdxj/http://gectcr.ac.in/%0A"
  },
  "timegate_uri": "https://memgator.cs.odu.edu/timegate/http://gectcr.ac.in/%0A"
}
