{
  "original_uri": "http://bit.ly/2ijsHVR%0A",
  "self": "https://memgator.cs.odu.edu/timemap/json/http://bit.ly/2ijsHVR%0A",
  "mementos": {
    "list": [
      {
        "datetime": "2017-09-06T04:02:07Z",
        "uri": "http://web.archive.org/web/20170906040207/http://bit.ly/2ijsHVR"
      }
    ],
    "first": {
      "datetime": "2017-09-06T04:02:07Z",
      "uri": "http://web.archive.org/web/20170906040207/http://bit.ly/2ijsHVR"
    },
    "last": {
      "datetime": "2017-09-06T04:02:07Z",
      "uri": "http://web.archive.org/web/20170906040207/http://bit.ly/2ijsHVR"
    }
  },
  "timemap_uri": {
    "link_format": "https://memgator.cs.odu.edu/timemap/link/http://bit.ly/2ijsHVR%0A",
    "json_format": "https://memgator.cs.odu.edu/timemap/json/http://bit.ly/2ijsHVR%0A",
    "cdxj_format": "https://memgator.cs.odu.edu/timemap/cdxj/http://bit.ly/2ijsHVR%0A"
  },
  "timegate_uri": "https://memgator.cs.odu.edu/timegate/http://bit.ly/2ijsHVR%0A"
}
