{
  "original_uri": "https://www.vanguardngr.com/2018/02/herdsmen-kill-sars-commander-oyo/%0A",
  "self": "https://memgator.cs.odu.edu/timemap/json/https://www.vanguardngr.com/2018/02/herdsmen-kill-sars-commander-oyo/%0A",
  "mementos": {
    "list": [
      {
        "datetime": "2018-02-08T06:08:45Z",
        "uri": "http://web.archive.org/web/20180208060845/https://www.vanguardngr.com/2018/02/herdsmen-kill-sars-commander-oyo/"
      },
      {
        "datetime": "2018-02-08T15:33:39Z",
        "uri": "http://web.archive.org/web/20180208153339/https://www.vanguardngr.com/2018/02/herdsmen-kill-sars-commander-oyo/"
      },
      {
        "datetime": "2018-02-09T05:09:02Z",
        "uri": "http://web.archive.org/web/20180209050902/https://www.vanguardngr.com/2018/02/herdsmen-kill-sars-commander-oyo/"
      },
      {
        "datetime": "2018-02-10T05:25:30Z",
        "uri": "http://web.archive.org/web/20180210052530/https://www.vanguardngr.com/2018/02/herdsmen-kill-sars-commander-oyo/"
      },
      {
        "datetime": "2018-02-11T13:04:06Z",
        "uri": "http://web.archive.org/web/20180211130406/https://www.vanguardngr.com/2018/02/herdsmen-kill-sars-commander-oyo/"
      },
      {
        "datetime": "2018-02-12T14:26:17Z",
        "uri": "http://web.archive.org/web/20180212142617/https://www.vanguardngr.com/2018/02/herdsmen-kill-sars-commander-oyo/"
      }
    ],
    "first": {
      "datetime": "2018-02-08T06:08:45Z",
      "uri": "http://web.archive.org/web/20180208060845/https://www.vanguardngr.com/2018/02/herdsmen-kill-sars-commander-oyo/"
    },
    "last": {
      "datetime": "2018-02-12T14:26:17Z",
      "uri": "http://web.archive.org/web/20180212142617/https://www.vanguardngr.com/2018/02/herdsmen-kill-sars-commander-oyo/"
    }
  },
  "timemap_uri": {
    "link_format": "https://memgator.cs.odu.edu/timemap/link/https://www.vanguardngr.com/2018/02/herdsmen-kill-sars-commander-oyo/%0A",
    "json_format": "https://memgator.cs.odu.edu/timemap/json/https://www.vanguardngr.com/2018/02/herdsmen-kill-sars-commander-oyo/%0A",
    "cdxj_format": "https://memgator.cs.odu.edu/timemap/cdxj/https://www.vanguardngr.com/2018/02/herdsmen-kill-sars-commander-oyo/%0A"
  },
  "timegate_uri": "https://memgator.cs.odu.edu/timegate/https://www.vanguardngr.com/2018/02/herdsmen-kill-sars-commander-oyo/%0A"
}
