{
  "original_uri": "https://youtu.be/k5ba1OKY7Xc%0A",
  "self": "https://memgator.cs.odu.edu/timemap/json/https://youtu.be/k5ba1OKY7Xc%0A",
  "mementos": {
    "list": [
      {
        "datetime": "2012-01-07T01:40:45Z",
        "uri": "http://web.archive.org/web/20120107014045/http://youtu.be/k5ba1OKY7Xc"
      },
      {
        "datetime": "2012-01-21T16:55:18Z",
        "uri": "http://web.archive.org/web/20120121165518/http://youtu.be/k5ba1OKY7Xc"
      },
      {
        "datetime": "2012-01-27T01:25:54Z",
        "uri": "http://web.archive.org/web/20120127012554/http://youtu.be/k5ba1OKY7Xc"
      },
      {
        "datetime": "2012-02-05T11:56:37Z",
        "uri": "http://web.archive.org/web/20120205115637/http://youtu.be/k5ba1OKY7Xc"
      },
      {
        "datetime": "2012-02-21T02:58:57Z",
        "uri": "http://web.archive.org/web/20120221025857/http://youtu.be/k5ba1OKY7Xc"
      },
      {
        "datetime": "2012-02-24T04:26:47Z",
        "uri": "http://web.archive.org/web/20120224042647/http://youtu.be/k5ba1OKY7Xc"
      },
      {
        "datetime": "2012-03-05T02:09:32Z",
        "uri": "http://web.archive.org/web/20120305020932/http://youtu.be/k5ba1OKY7Xc"
      },
      {
        "datetime": "2012-03-12T05:14:38Z",
        "uri": "http://web.archive.org/web/20120312051438/http://youtu.be/k5ba1OKY7Xc"
      },
      {
        "datetime": "2012-03-20T01:06:12Z",
        "uri": "http://web.archive.org/web/20120320010612/http://youtu.be/k5ba1OKY7Xc"
      },
      {
        "datetime": "2012-03-26T06:40:25Z",
        "uri": "http://web.archive.org/web/20120326064025/http://youtu.be/k5ba1OKY7Xc"
      },
      {
        "datetime": "2012-04-02T00:25:43Z",
        "uri": "http://web.archive.org/web/20120402002543/http://youtu.be/k5ba1OKY7Xc"
      },
      {
        "datetime": "2012-04-09T12:09:44Z",
        "uri": "http://web.archive.org/web/20120409120944/http://youtu.be/k5ba1OKY7Xc"
      },
      {
        "datetime": "2012-04-16T04:48:40Z",
        "uri": "http://web.archive.org/web/20120416044840/http://youtu.be/k5ba1OKY7Xc"
      },
      {
        "datetime": "2012-04-24T10:27:39Z",
        "uri": "http://web.archive.org/web/20120424102739/http://youtu.be/k5ba1OKY7Xc"
      },
      {
        "datetime": "2012-05-01T02:01:53Z",
        "uri": "http://web.archive.org/web/20120501020153/http://youtu.be/k5ba1OKY7Xc"
      },
      {
        "datetime": "2012-05-15T07:43:25Z",
        "uri": "http://web.archive.org/web/20120515074325/http://youtu.be/k5ba1OKY7Xc"
      },
      {
        "datetime": "2012-05-22T22:26:13Z",
        "uri": "http://web.archive.org/web/20120522222613/http://youtu.be/k5ba1OKY7Xc"
      },
      {
        "datetime": "2012-07-19T01:20:54Z",
        "uri": "http://web.archive.org/web/20120719012054/http://youtu.be:80/k5ba1OKY7Xc"
      },
      {
        "datetime": "2012-07-27T18:14:23Z",
        "uri": "http://webarchive.loc.gov/all/20120727181423/http://youtu.be/k5ba1OKY7Xc"
      },
      {
        "datetime": "2012-07-30T19:29:40Z",
        "uri": "http://web.archive.org/web/20120730192940/http://youtu.be/k5ba1OKY7Xc"
      },
      {
        "datetime": "2012-08-02T20:06:38Z",
        "uri": "http://webarchive.loc.gov/all/20120802200638/http://youtu.be/k5ba1OKY7Xc"
      },
      {
        "datetime": "2012-09-08T17:19:08Z",
        "uri": "http://webarchive.loc.gov/all/20120908171908/http://youtu.be/k5ba1OKY7Xc"
      },
      {
        "datetime": "2012-12-17T23:24:26Z",
        "uri": "http://web.archive.org/web/20121217232426/http://youtu.be/k5ba1OKY7Xc"
      },
      {
        "datetime": "2012-12-26T05:02:56Z",
        "uri": "http://web.archive.org/web/20121226050256/http://youtu.be/k5ba1OKY7Xc"
      },
      {
        "datetime": "2013-01-18T00:10:19Z",
        "uri": "http://webarchive.loc.gov/all/20130118001019/http://youtu.be/k5ba1OKY7Xc"
      },
      {
        "datetime": "2013-10-21T03:20:32Z",
        "uri": "http://web.archive.org/web/20131021032032/http://youtu.be/k5ba1OKY7Xc"
      },
      {
        "datetime": "2013-11-03T13:08:26Z",
        "uri": "http://web.archive.org/web/20131103130826/http://youtu.be:80/k5ba1OKY7Xc"
      },
      {
        "datetime": "2015-02-02T08:37:27Z",
        "uri": "http://web.archive.org/web/20150202083727/http://youtu.be/k5ba1OKY7Xc"
      },
      {
        "datetime": "2015-05-04T16:57:36Z",
        "uri": "http://webarchive.loc.gov/all/20150504165736/https://youtu.be/k5ba1OKY7Xc"
      },
      {
        "datetime": "2015-12-10T10:04:08Z",
        "uri": "http://web.archive.org/web/20151210100408/http://youtu.be/k5ba1OKY7Xc"
      },
      {
        "datetime": "2016-06-29T05:45:50Z",
        "uri": "http://webarchive.loc.gov/all/20160629054550/https://youtu.be/k5ba1OKY7Xc"
      },
      {
        "datetime": "2016-11-14T18:03:48Z",
        "uri": "http://web.archive.org/web/20161114180348/http://youtu.be/k5ba1OKY7Xc"
      },
      {
        "datetime": "2017-01-06T08:59:01Z",
        "uri": "http://web.archive.org/web/20170106085901/http://youtu.be/k5ba1OKY7Xc"
      },
      {
        "datetime": "2017-03-19T05:24:51Z",
        "uri": "http://web.archive.org/web/20170319052451/https://youtu.be/k5ba1OKY7Xc"
      }
    ],
    "first": {
      "datetime": "2012-01-07T01:40:45Z",
      "uri": "http://web.archive.org/web/20120107014045/http://youtu.be/k5ba1OKY7Xc"
    },
    "last": {
      "datetime": "2017-03-19T05:24:51Z",
      "uri": "http://web.archive.org/web/20170319052451/https://youtu.be/k5ba1OKY7Xc"
    }
  },
  "timemap_uri": {
    "link_format": "https://memgator.cs.odu.edu/timemap/link/https://youtu.be/k5ba1OKY7Xc%0A",
    "json_format": "https://memgator.cs.odu.edu/timemap/json/https://youtu.be/k5ba1OKY7Xc%0A",
    "cdxj_format": "https://memgator.cs.odu.edu/timemap/cdxj/https://youtu.be/k5ba1OKY7Xc%0A"
  },
  "timegate_uri": "https://memgator.cs.odu.edu/timegate/https://youtu.be/k5ba1OKY7Xc%0A"
}
