{
  "original_uri": "http://bit.ly/1KQSF9K%0A",
  "self": "https://memgator.cs.odu.edu/timemap/json/http://bit.ly/1KQSF9K%0A",
  "mementos": {
    "list": [
      {
        "datetime": "2017-09-10T12:48:16Z",
        "uri": "http://web.archive.org/web/20170910124816/http://bit.ly/1KQSF9K"
      }
    ],
    "first": {
      "datetime": "2017-09-10T12:48:16Z",
      "uri": "http://web.archive.org/web/20170910124816/http://bit.ly/1KQSF9K"
    },
    "last": {
      "datetime": "2017-09-10T12:48:16Z",
      "uri": "http://web.archive.org/web/20170910124816/http://bit.ly/1KQSF9K"
    }
  },
  "timemap_uri": {
    "link_format": "https://memgator.cs.odu.edu/timemap/link/http://bit.ly/1KQSF9K%0A",
    "json_format": "https://memgator.cs.odu.edu/timemap/json/http://bit.ly/1KQSF9K%0A",
    "cdxj_format": "https://memgator.cs.odu.edu/timemap/cdxj/http://bit.ly/1KQSF9K%0A"
  },
  "timegate_uri": "https://memgator.cs.odu.edu/timegate/http://bit.ly/1KQSF9K%0A"
}
