{
  "original_uri": "http://dev.prodigi.us/post/python-the-right-way-to-ask-questions-that-get-answers%0A",
  "self": "https://memgator.cs.odu.edu/timemap/json/http://dev.prodigi.us/post/python-the-right-way-to-ask-questions-that-get-answers%0A",
  "mementos": {
    "list": [
      {
        "datetime": "2018-02-03T16:38:00Z",
        "uri": "http://web.archive.org/web/20180203163800/http://dev.prodigi.us/post/python-the-right-way-to-ask-questions-that-get-answers"
      }
    ],
    "first": {
      "datetime": "2018-02-03T16:38:00Z",
      "uri": "http://web.archive.org/web/20180203163800/http://dev.prodigi.us/post/python-the-right-way-to-ask-questions-that-get-answers"
    },
    "last": {
      "datetime": "2018-02-03T16:38:00Z",
      "uri": "http://web.archive.org/web/20180203163800/http://dev.prodigi.us/post/python-the-right-way-to-ask-questions-that-get-answers"
    }
  },
  "timemap_uri": {
    "link_format": "https://memgator.cs.odu.edu/timemap/link/http://dev.prodigi.us/post/python-the-right-way-to-ask-questions-that-get-answers%0A",
    "json_format": "https://memgator.cs.odu.edu/timemap/json/http://dev.prodigi.us/post/python-the-right-way-to-ask-questions-that-get-answers%0A",
    "cdxj_format": "https://memgator.cs.odu.edu/timemap/cdxj/http://dev.prodigi.us/post/python-the-right-way-to-ask-questions-that-get-answers%0A"
  },
  "timegate_uri": "https://memgator.cs.odu.edu/timegate/http://dev.prodigi.us/post/python-the-right-way-to-ask-questions-that-get-answers%0A"
}
