{
  "original_uri": "http://neuro-educator.com/mlcontentstalbe/%0A",
  "self": "https://memgator.cs.odu.edu/timemap/json/http://neuro-educator.com/mlcontentstalbe/%0A",
  "mementos": {
    "list": [
      {
        "datetime": "2017-11-08T02:29:48Z",
        "uri": "http://web.archive.org/web/20171108022948/http://neuro-educator.com/mlcontentstalbe/"
      },
      {
        "datetime": "2017-11-17T00:54:02Z",
        "uri": "http://web.archive.org/web/20171117005402/http://neuro-educator.com/mlcontentstalbe/"
      },
      {
        "datetime": "2017-11-17T07:30:12Z",
        "uri": "http://web.archive.org/web/20171117073012/http://neuro-educator.com/mlcontentstalbe/"
      },
      {
        "datetime": "2017-11-17T08:00:19Z",
        "uri": "http://web.archive.org/web/20171117080019/http://neuro-educator.com/mlcontentstalbe/"
      },
      {
        "datetime": "2017-11-17T10:18:10Z",
        "uri": "http://web.archive.org/web/20171117101810/http://neuro-educator.com/mlcontentstalbe/"
      },
      {
        "datetime": "2017-11-17T12:01:06Z",
        "uri": "http://web.archive.org/web/20171117120106/http://neuro-educator.com/mlcontentstalbe/"
      },
      {
        "datetime": "2017-11-17T23:30:13Z",
        "uri": "http://web.archive.org/web/20171117233013/http://neuro-educator.com/mlcontentstalbe/"
      },
      {
        "datetime": "2017-11-18T04:00:12Z",
        "uri": "http://web.archive.org/web/20171118040012/http://neuro-educator.com/mlcontentstalbe/"
      },
      {
        "datetime": "2017-11-18T07:00:21Z",
        "uri": "http://web.archive.org/web/20171118070021/http://neuro-educator.com/mlcontentstalbe/"
      }
    ],
    "first": {
      "datetime": "2017-11-08T02:29:48Z",
      "uri": "http://web.archive.org/web/20171108022948/http://neuro-educator.com/mlcontentstalbe/"
    },
    "last": {
      "datetime": "2017-11-18T07:00:21Z",
      "uri": "http://web.archive.org/web/20171118070021/http://neuro-educator.com/mlcontentstalbe/"
    }
  },
  "timemap_uri": {
    "link_format": "https://memgator.cs.odu.edu/timemap/link/http://neuro-educator.com/mlcontentstalbe/%0A",
    "json_format": "https://memgator.cs.odu.edu/timemap/json/http://neuro-educator.com/mlcontentstalbe/%0A",
    "cdxj_format": "https://memgator.cs.odu.edu/timemap/cdxj/http://neuro-educator.com/mlcontentstalbe/%0A"
  },
  "timegate_uri": "https://memgator.cs.odu.edu/timegate/http://neuro-educator.com/mlcontentstalbe/%0A"
}
