{
  "original_uri": "http://bit.ly/PacktDailyOffer%0A",
  "self": "https://memgator.cs.odu.edu/timemap/json/http://bit.ly/PacktDailyOffer%0A",
  "mementos": {
    "list": [
      {
        "datetime": "2017-01-18T05:37:49Z",
        "uri": "http://web.archive.org/web/20170118053749/http://bit.ly/PacktDailyOffer"
      },
      {
        "datetime": "2017-07-26T00:03:54Z",
        "uri": "http://web.archive.org/web/20170726000354/http://bit.ly/PacktDailyOffer"
      },
      {
        "datetime": "2017-09-01T15:35:35Z",
        "uri": "http://web.archive.org/web/20170901153535/http://bit.ly/PacktDailyOffer"
      },
      {
        "datetime": "2017-09-10T00:42:21Z",
        "uri": "http://web.archive.org/web/20170910004221/http://bit.ly/PacktDailyOffer"
      },
      {
        "datetime": "2017-09-19T12:16:11Z",
        "uri": "http://web.archive.org/web/20170919121611/http://bit.ly/PacktDailyOffer"
      },
      {
        "datetime": "2017-11-04T11:33:02Z",
        "uri": "http://web.archive.org/web/20171104113302/http://bit.ly/PacktDailyOffer"
      },
      {
        "datetime": "2017-11-17T02:13:48Z",
        "uri": "http://web.archive.org/web/20171117021348/http://bit.ly/PacktDailyOffer"
      },
      {
        "datetime": "2017-12-05T17:53:01Z",
        "uri": "http://web.archive.org/web/20171205175301/http://bit.ly/PacktDailyOffer"
      },
      {
        "datetime": "2017-12-14T02:18:12Z",
        "uri": "http://web.archive.org/web/20171214021812/http://bit.ly/PacktDailyOffer"
      },
      {
        "datetime": "2018-01-26T02:03:11Z",
        "uri": "http://web.archive.org/web/20180126020311/http://bit.ly/PacktDailyOffer"
      },
      {
        "datetime": "2018-02-05T16:46:59Z",
        "uri": "http://web.archive.org/web/20180205164659/http://bit.ly/PacktDailyOffer"
      }
    ],
    "first": {
      "datetime": "2017-01-18T05:37:49Z",
      "uri": "http://web.archive.org/web/20170118053749/http://bit.ly/PacktDailyOffer"
    },
    "last": {
      "datetime": "2018-02-05T16:46:59Z",
      "uri": "http://web.archive.org/web/20180205164659/http://bit.ly/PacktDailyOffer"
    }
  },
  "timemap_uri": {
    "link_format": "https://memgator.cs.odu.edu/timemap/link/http://bit.ly/PacktDailyOffer%0A",
    "json_format": "https://memgator.cs.odu.edu/timemap/json/http://bit.ly/PacktDailyOffer%0A",
    "cdxj_format": "https://memgator.cs.odu.edu/timemap/cdxj/http://bit.ly/PacktDailyOffer%0A"
  },
  "timegate_uri": "https://memgator.cs.odu.edu/timegate/http://bit.ly/PacktDailyOffer%0A"
}
