{
  "original_uri": "http://bit.ly/2rtqS0x%0A",
  "self": "https://memgator.cs.odu.edu/timemap/json/http://bit.ly/2rtqS0x%0A",
  "mementos": {
    "list": [
      {
        "datetime": "2018-01-24T10:51:48Z",
        "uri": "http://web.archive.org/web/20180124105148/http://bit.ly/2rtqS0x"
      }
    ],
    "first": {
      "datetime": "2018-01-24T10:51:48Z",
      "uri": "http://web.archive.org/web/20180124105148/http://bit.ly/2rtqS0x"
    },
    "last": {
      "datetime": "2018-01-24T10:51:48Z",
      "uri": "http://web.archive.org/web/20180124105148/http://bit.ly/2rtqS0x"
    }
  },
  "timemap_uri": {
    "link_format": "https://memgator.cs.odu.edu/timemap/link/http://bit.ly/2rtqS0x%0A",
    "json_format": "https://memgator.cs.odu.edu/timemap/json/http://bit.ly/2rtqS0x%0A",
    "cdxj_format": "https://memgator.cs.odu.edu/timemap/cdxj/http://bit.ly/2rtqS0x%0A"
  },
  "timegate_uri": "https://memgator.cs.odu.edu/timegate/http://bit.ly/2rtqS0x%0A"
}
