{
  "original_uri": "https://goo.gl/26WZZE%0A",
  "self": "https://memgator.cs.odu.edu/timemap/json/https://goo.gl/26WZZE%0A",
  "mementos": {
    "list": [
      {
        "datetime": "2017-11-20T07:59:17Z",
        "uri": "http://web.archive.org/web/20171120075917/https://goo.gl/26WZZE"
      }
    ],
    "first": {
      "datetime": "2017-11-20T07:59:17Z",
      "uri": "http://web.archive.org/web/20171120075917/https://goo.gl/26WZZE"
    },
    "last": {
      "datetime": "2017-11-20T07:59:17Z",
      "uri": "http://web.archive.org/web/20171120075917/https://goo.gl/26WZZE"
    }
  },
  "timemap_uri": {
    "link_format": "https://memgator.cs.odu.edu/timemap/link/https://goo.gl/26WZZE%0A",
    "json_format": "https://memgator.cs.odu.edu/timemap/json/https://goo.gl/26WZZE%0A",
    "cdxj_format": "https://memgator.cs.odu.edu/timemap/cdxj/https://goo.gl/26WZZE%0A"
  },
  "timegate_uri": "https://memgator.cs.odu.edu/timegate/https://goo.gl/26WZZE%0A"
}
