{
  "original_uri": "https://shapoco.booth.pm/%0A",
  "self": "https://memgator.cs.odu.edu/timemap/json/https://shapoco.booth.pm/%0A",
  "mementos": {
    "list": [
      {
        "datetime": "2018-02-02T10:32:34Z",
        "uri": "http://web.archive.org/web/20180202103234/https://shapoco.booth.pm/"
      }
    ],
    "first": {
      "datetime": "2018-02-02T10:32:34Z",
      "uri": "http://web.archive.org/web/20180202103234/https://shapoco.booth.pm/"
    },
    "last": {
      "datetime": "2018-02-02T10:32:34Z",
      "uri": "http://web.archive.org/web/20180202103234/https://shapoco.booth.pm/"
    }
  },
  "timemap_uri": {
    "link_format": "https://memgator.cs.odu.edu/timemap/link/https://shapoco.booth.pm/%0A",
    "json_format": "https://memgator.cs.odu.edu/timemap/json/https://shapoco.booth.pm/%0A",
    "cdxj_format": "https://memgator.cs.odu.edu/timemap/cdxj/https://shapoco.booth.pm/%0A"
  },
  "timegate_uri": "https://memgator.cs.odu.edu/timegate/https://shapoco.booth.pm/%0A"
}
