{
  "original_uri": "https://medium.com/@djiit/pipfile-and-pipenv-the-future-of-python-dependencies-management-8c0c5b6ec99b%0A",
  "self": "https://memgator.cs.odu.edu/timemap/json/https://medium.com/@djiit/pipfile-and-pipenv-the-future-of-python-dependencies-management-8c0c5b6ec99b%0A",
  "mementos": {
    "list": [
      {
        "datetime": "2017-11-04T22:21:02Z",
        "uri": "http://web.archive.org/web/20171104222102/https://medium.com/@djiit/pipfile-and-pipenv-the-future-of-python-dependencies-management-8c0c5b6ec99b"
      },
      {
        "datetime": "2017-11-08T17:01:17Z",
        "uri": "http://web.archive.org/web/20171108170117/https://medium.com/@djiit/pipfile-and-pipenv-the-future-of-python-dependencies-management-8c0c5b6ec99b"
      },
      {
        "datetime": "2017-11-08T17:17:01Z",
        "uri": "http://web.archive.org/web/20171108171701/https://medium.com/@djiit/pipfile-and-pipenv-the-future-of-python-dependencies-management-8c0c5b6ec99b"
      }
    ],
    "first": {
      "datetime": "2017-11-04T22:21:02Z",
      "uri": "http://web.archive.org/web/20171104222102/https://medium.com/@djiit/pipfile-and-pipenv-the-future-of-python-dependencies-management-8c0c5b6ec99b"
    },
    "last": {
      "datetime": "2017-11-08T17:17:01Z",
      "uri": "http://web.archive.org/web/20171108171701/https://medium.com/@djiit/pipfile-and-pipenv-the-future-of-python-dependencies-management-8c0c5b6ec99b"
    }
  },
  "timemap_uri": {
    "link_format": "https://memgator.cs.odu.edu/timemap/link/https://medium.com/@djiit/pipfile-and-pipenv-the-future-of-python-dependencies-management-8c0c5b6ec99b%0A",
    "json_format": "https://memgator.cs.odu.edu/timemap/json/https://medium.com/@djiit/pipfile-and-pipenv-the-future-of-python-dependencies-management-8c0c5b6ec99b%0A",
    "cdxj_format": "https://memgator.cs.odu.edu/timemap/cdxj/https://medium.com/@djiit/pipfile-and-pipenv-the-future-of-python-dependencies-management-8c0c5b6ec99b%0A"
  },
  "timegate_uri": "https://memgator.cs.odu.edu/timegate/https://medium.com/@djiit/pipfile-and-pipenv-the-future-of-python-dependencies-management-8c0c5b6ec99b%0A"
}
