{
  "original_uri": "https://hackernoon.com/yes-python-is-slow-and-i-dont-care-13763980b5a1%0A",
  "self": "https://memgator.cs.odu.edu/timemap/json/https://hackernoon.com/yes-python-is-slow-and-i-dont-care-13763980b5a1%0A",
  "mementos": {
    "list": [
      {
        "datetime": "2017-04-15T00:09:01Z",
        "uri": "http://web.archive.org/web/20170415000901/https://hackernoon.com/yes-python-is-slow-and-i-dont-care-13763980b5a1"
      },
      {
        "datetime": "2017-05-18T12:01:43Z",
        "uri": "http://web.archive.org/web/20170518120143/https://hackernoon.com/yes-python-is-slow-and-i-dont-care-13763980b5a1"
      },
      {
        "datetime": "2017-05-18T12:21:52Z",
        "uri": "http://web.archive.org/web/20170518122152/https://hackernoon.com/yes-python-is-slow-and-i-dont-care-13763980b5a1"
      },
      {
        "datetime": "2017-05-18T12:32:10Z",
        "uri": "http://web.archive.org/web/20170518123210/https://hackernoon.com/yes-python-is-slow-and-i-dont-care-13763980b5a1"
      },
      {
        "datetime": "2017-05-18T12:42:18Z",
        "uri": "http://web.archive.org/web/20170518124218/https://hackernoon.com/yes-python-is-slow-and-i-dont-care-13763980b5a1"
      },
      {
        "datetime": "2017-06-02T13:51:21Z",
        "uri": "http://web.archive.org/web/20170602135121/https://hackernoon.com/yes-python-is-slow-and-i-dont-care-13763980b5a1"
      },
      {
        "datetime": "2017-06-02T14:04:01Z",
        "uri": "http://web.archive.org/web/20170602140401/https://hackernoon.com/yes-python-is-slow-and-i-dont-care-13763980b5a1"
      },
      {
        "datetime": "2017-06-20T02:11:23Z",
        "uri": "http://web.archive.org/web/20170620021123/https://hackernoon.com/yes-python-is-slow-and-i-dont-care-13763980b5a1"
      },
      {
        "datetime": "2017-09-08T18:47:32Z",
        "uri": "http://web.archive.org/web/20170908184732/https://hackernoon.com/yes-python-is-slow-and-i-dont-care-13763980b5a1"
      },
      {
        "datetime": "2017-09-08T23:01:48Z",
        "uri": "http://web.archive.org/web/20170908230148/https://hackernoon.com/yes-python-is-slow-and-i-dont-care-13763980b5a1"
      },
      {
        "datetime": "2017-09-12T02:21:02Z",
        "uri": "http://web.archive.org/web/20170912022102/https://hackernoon.com/yes-python-is-slow-and-i-dont-care-13763980b5a1"
      },
      {
        "datetime": "2017-09-12T02:32:07Z",
        "uri": "http://web.archive.org/web/20170912023207/https://hackernoon.com/yes-python-is-slow-and-i-dont-care-13763980b5a1"
      },
      {
        "datetime": "2017-09-12T02:42:14Z",
        "uri": "http://web.archive.org/web/20170912024214/https://hackernoon.com/yes-python-is-slow-and-i-dont-care-13763980b5a1"
      },
      {
        "datetime": "2017-09-12T02:54:20Z",
        "uri": "http://web.archive.org/web/20170912025420/https://hackernoon.com/yes-python-is-slow-and-i-dont-care-13763980b5a1"
      },
      {
        "datetime": "2017-09-12T03:05:25Z",
        "uri": "http://web.archive.org/web/20170912030525/https://hackernoon.com/yes-python-is-slow-and-i-dont-care-13763980b5a1"
      },
      {
        "datetime": "2017-09-13T08:11:07Z",
        "uri": "http://web.archive.org/web/20170913081107/https://hackernoon.com/yes-python-is-slow-and-i-dont-care-13763980b5a1"
      },
      {
        "datetime": "2017-09-13T08:22:14Z",
        "uri": "http://web.archive.org/web/20170913082214/https://hackernoon.com/yes-python-is-slow-and-i-dont-care-13763980b5a1"
      },
      {
        "datetime": "2017-09-13T08:32:47Z",
        "uri": "http://web.archive.org/web/20170913083247/https://hackernoon.com/yes-python-is-slow-and-i-dont-care-13763980b5a1"
      },
      {
        "datetime": "2017-09-29T01:19:21Z",
        "uri": "http://web.archive.org/web/20170929011921/https://hackernoon.com/yes-python-is-slow-and-i-dont-care-13763980b5a1"
      }
    ],
    "first": {
      "datetime": "2017-04-15T00:09:01Z",
      "uri": "http://web.archive.org/web/20170415000901/https://hackernoon.com/yes-python-is-slow-and-i-dont-care-13763980b5a1"
    },
    "last": {
      "datetime": "2017-09-29T01:19:21Z",
      "uri": "http://web.archive.org/web/20170929011921/https://hackernoon.com/yes-python-is-slow-and-i-dont-care-13763980b5a1"
    }
  },
  "timemap_uri": {
    "link_format": "https://memgator.cs.odu.edu/timemap/link/https://hackernoon.com/yes-python-is-slow-and-i-dont-care-13763980b5a1%0A",
    "json_format": "https://memgator.cs.odu.edu/timemap/json/https://hackernoon.com/yes-python-is-slow-and-i-dont-care-13763980b5a1%0A",
    "cdxj_format": "https://memgator.cs.odu.edu/timemap/cdxj/https://hackernoon.com/yes-python-is-slow-and-i-dont-care-13763980b5a1%0A"
  },
  "timegate_uri": "https://memgator.cs.odu.edu/timegate/https://hackernoon.com/yes-python-is-slow-and-i-dont-care-13763980b5a1%0A"
}
