{
  "original_uri": "http://feedproxy.google.com/~r/SasGlobalForumBlog/~3/46gLI9xRFhg/%0A",
  "self": "https://memgator.cs.odu.edu/timemap/json/http://feedproxy.google.com/~r/SasGlobalForumBlog/~3/46gLI9xRFhg/%0A",
  "mementos": {
    "list": [
      {
        "datetime": "2018-01-11T03:32:35Z",
        "uri": "http://web.archive.org/web/20180111033235/http://feedproxy.google.com/~r/SasGlobalForumBlog/~3/46gLI9xRFhg/"
      }
    ],
    "first": {
      "datetime": "2018-01-11T03:32:35Z",
      "uri": "http://web.archive.org/web/20180111033235/http://feedproxy.google.com/~r/SasGlobalForumBlog/~3/46gLI9xRFhg/"
    },
    "last": {
      "datetime": "2018-01-11T03:32:35Z",
      "uri": "http://web.archive.org/web/20180111033235/http://feedproxy.google.com/~r/SasGlobalForumBlog/~3/46gLI9xRFhg/"
    }
  },
  "timemap_uri": {
    "link_format": "https://memgator.cs.odu.edu/timemap/link/http://feedproxy.google.com/~r/SasGlobalForumBlog/~3/46gLI9xRFhg/%0A",
    "json_format": "https://memgator.cs.odu.edu/timemap/json/http://feedproxy.google.com/~r/SasGlobalForumBlog/~3/46gLI9xRFhg/%0A",
    "cdxj_format": "https://memgator.cs.odu.edu/timemap/cdxj/http://feedproxy.google.com/~r/SasGlobalForumBlog/~3/46gLI9xRFhg/%0A"
  },
  "timegate_uri": "https://memgator.cs.odu.edu/timegate/http://feedproxy.google.com/~r/SasGlobalForumBlog/~3/46gLI9xRFhg/%0A"
}
