{
  "original_uri": "http://juliacomputing.com/products/juliapro.html%0A",
  "self": "https://memgator.cs.odu.edu/timemap/json/http://juliacomputing.com/products/juliapro.html%0A",
  "mementos": {
    "list": [
      {
        "datetime": "2016-12-19T21:07:44Z",
        "uri": "http://web.archive.org/web/20161219210744/http://juliacomputing.com:80/products/juliapro.html"
      },
      {
        "datetime": "2017-02-17T15:43:38Z",
        "uri": "http://web.archive.org/web/20170217154338/http://juliacomputing.com/products/juliapro.html"
      },
      {
        "datetime": "2017-04-25T07:18:50Z",
        "uri": "http://web.archive.org/web/20170425071850/http://juliacomputing.com:80/products/juliapro.html"
      },
      {
        "datetime": "2017-05-04T06:26:08Z",
        "uri": "http://web.archive.org/web/20170504062608/http://juliacomputing.com/products/juliapro.html"
      },
      {
        "datetime": "2017-05-29T04:52:51Z",
        "uri": "http://web.archive.org/web/20170529045251/http://juliacomputing.com:80/products/juliapro.html"
      },
      {
        "datetime": "2017-06-06T08:01:43Z",
        "uri": "http://web.archive.org/web/20170606080143/http://juliacomputing.com/products/juliapro.html"
      },
      {
        "datetime": "2017-06-23T09:47:46Z",
        "uri": "http://web.archive.org/web/20170623094746/https://juliacomputing.com/products/juliapro.html"
      },
      {
        "datetime": "2017-11-25T15:57:10Z",
        "uri": "http://web.archive.org/web/20171125155710/https://juliacomputing.com/products/juliapro.html"
      },
      {
        "datetime": "2017-11-25T15:57:10Z",
        "uri": "http://web.archive.org/web/20171125155710/http://juliacomputing.com/products/juliapro.html"
      }
    ],
    "first": {
      "datetime": "2016-12-19T21:07:44Z",
      "uri": "http://web.archive.org/web/20161219210744/http://juliacomputing.com:80/products/juliapro.html"
    },
    "last": {
      "datetime": "2017-11-25T15:57:10Z",
      "uri": "http://web.archive.org/web/20171125155710/http://juliacomputing.com/products/juliapro.html"
    }
  },
  "timemap_uri": {
    "link_format": "https://memgator.cs.odu.edu/timemap/link/http://juliacomputing.com/products/juliapro.html%0A",
    "json_format": "https://memgator.cs.odu.edu/timemap/json/http://juliacomputing.com/products/juliapro.html%0A",
    "cdxj_format": "https://memgator.cs.odu.edu/timemap/cdxj/http://juliacomputing.com/products/juliapro.html%0A"
  },
  "timegate_uri": "https://memgator.cs.odu.edu/timegate/http://juliacomputing.com/products/juliapro.html%0A"
}
