{
  "original_uri": "https://docs.quantifiedcode.com/python-anti-patterns/correctness/mutable_default_value_as_argument.html%0A",
  "self": "https://memgator.cs.odu.edu/timemap/json/https://docs.quantifiedcode.com/python-anti-patterns/correctness/mutable_default_value_as_argument.html%0A",
  "mementos": {
    "list": [
      {
        "datetime": "2015-05-02T00:20:09Z",
        "uri": "http://web.archive.org/web/20150502002009/http://docs.quantifiedcode.com:80/python-anti-patterns/correctness/mutable_default_value_as_argument.html"
      },
      {
        "datetime": "2016-03-08T07:24:33Z",
        "uri": "http://web.archive.org/web/20160308072433/http://docs.quantifiedcode.com/python-anti-patterns/correctness/mutable_default_value_as_argument.html"
      },
      {
        "datetime": "2016-03-30T20:01:20Z",
        "uri": "http://web.archive.org/web/20160330200120/http://docs.quantifiedcode.com/python-anti-patterns/correctness/mutable_default_value_as_argument.html"
      },
      {
        "datetime": "2016-04-20T04:06:44Z",
        "uri": "http://web.archive.org/web/20160420040644/http://docs.quantifiedcode.com:80/python-anti-patterns/correctness/mutable_default_value_as_argument.html"
      },
      {
        "datetime": "2016-05-23T19:32:22Z",
        "uri": "http://web.archive.org/web/20160523193222/http://docs.quantifiedcode.com:80/python-anti-patterns/correctness/mutable_default_value_as_argument.html"
      },
      {
        "datetime": "2016-06-23T15:12:11Z",
        "uri": "http://web.archive.org/web/20160623151211/http://docs.quantifiedcode.com:80/python-anti-patterns/correctness/mutable_default_value_as_argument.html"
      },
      {
        "datetime": "2016-07-25T23:37:21Z",
        "uri": "http://web.archive.org/web/20160725233721/http://docs.quantifiedcode.com:80/python-anti-patterns/correctness/mutable_default_value_as_argument.html"
      },
      {
        "datetime": "2016-08-27T14:04:50Z",
        "uri": "http://web.archive.org/web/20160827140450/http://docs.quantifiedcode.com:80/python-anti-patterns/correctness/mutable_default_value_as_argument.html"
      },
      {
        "datetime": "2016-09-28T08:45:34Z",
        "uri": "http://web.archive.org/web/20160928084534/http://docs.quantifiedcode.com:80/python-anti-patterns/correctness/mutable_default_value_as_argument.html"
      },
      {
        "datetime": "2016-10-31T18:16:17Z",
        "uri": "http://web.archive.org/web/20161031181617/http://docs.quantifiedcode.com:80/python-anti-patterns/correctness/mutable_default_value_as_argument.html"
      },
      {
        "datetime": "2016-12-17T05:35:30Z",
        "uri": "http://web.archive.org/web/20161217053530/http://docs.quantifiedcode.com:80/python-anti-patterns/correctness/mutable_default_value_as_argument.html"
      },
      {
        "datetime": "2017-04-02T08:29:29Z",
        "uri": "http://web.archive.org/web/20170402082929/http://docs.quantifiedcode.com/python-anti-patterns/correctness/mutable_default_value_as_argument.html"
      },
      {
        "datetime": "2017-08-08T14:42:23Z",
        "uri": "http://web.archive.org/web/20170808144223/http://docs.quantifiedcode.com:80/python-anti-patterns/correctness/mutable_default_value_as_argument.html"
      },
      {
        "datetime": "2017-08-21T15:27:00Z",
        "uri": "http://web.archive.org/web/20170821152700/https://docs.quantifiedcode.com/python-anti-patterns/correctness/mutable_default_value_as_argument.html"
      }
    ],
    "first": {
      "datetime": "2015-05-02T00:20:09Z",
      "uri": "http://web.archive.org/web/20150502002009/http://docs.quantifiedcode.com:80/python-anti-patterns/correctness/mutable_default_value_as_argument.html"
    },
    "last": {
      "datetime": "2017-08-21T15:27:00Z",
      "uri": "http://web.archive.org/web/20170821152700/https://docs.quantifiedcode.com/python-anti-patterns/correctness/mutable_default_value_as_argument.html"
    }
  },
  "timemap_uri": {
    "link_format": "https://memgator.cs.odu.edu/timemap/link/https://docs.quantifiedcode.com/python-anti-patterns/correctness/mutable_default_value_as_argument.html%0A",
    "json_format": "https://memgator.cs.odu.edu/timemap/json/https://docs.quantifiedcode.com/python-anti-patterns/correctness/mutable_default_value_as_argument.html%0A",
    "cdxj_format": "https://memgator.cs.odu.edu/timemap/cdxj/https://docs.quantifiedcode.com/python-anti-patterns/correctness/mutable_default_value_as_argument.html%0A"
  },
  "timegate_uri": "https://memgator.cs.odu.edu/timegate/https://docs.quantifiedcode.com/python-anti-patterns/correctness/mutable_default_value_as_argument.html%0A"
}
