{
  "original_uri": "https://youtu.be/ZtYU87QNjPw%0A",
  "self": "https://memgator.cs.odu.edu/timemap/json/https://youtu.be/ZtYU87QNjPw%0A",
  "mementos": {
    "list": [
      {
        "datetime": "2015-01-10T23:27:25Z",
        "uri": "http://web.archive.org/web/20150110232725/http://youtu.be/ZtYU87QNjPw"
      }
    ],
    "first": {
      "datetime": "2015-01-10T23:27:25Z",
      "uri": "http://web.archive.org/web/20150110232725/http://youtu.be/ZtYU87QNjPw"
    },
    "last": {
      "datetime": "2015-01-10T23:27:25Z",
      "uri": "http://web.archive.org/web/20150110232725/http://youtu.be/ZtYU87QNjPw"
    }
  },
  "timemap_uri": {
    "link_format": "https://memgator.cs.odu.edu/timemap/link/https://youtu.be/ZtYU87QNjPw%0A",
    "json_format": "https://memgator.cs.odu.edu/timemap/json/https://youtu.be/ZtYU87QNjPw%0A",
    "cdxj_format": "https://memgator.cs.odu.edu/timemap/cdxj/https://youtu.be/ZtYU87QNjPw%0A"
  },
  "timegate_uri": "https://memgator.cs.odu.edu/timegate/https://youtu.be/ZtYU87QNjPw%0A"
}
