{
  "original_uri": "https://goo.gl/eN8ffC%0A",
  "self": "https://memgator.cs.odu.edu/timemap/json/https://goo.gl/eN8ffC%0A",
  "mementos": {
    "list": [
      {
        "datetime": "2017-09-05T22:11:34Z",
        "uri": "http://web.archive.org/web/20170905221134/https://goo.gl/eN8ffC"
      },
      {
        "datetime": "2018-02-05T21:38:22Z",
        "uri": "http://web.archive.org/web/20180205213822/https://goo.gl/eN8ffC"
      }
    ],
    "first": {
      "datetime": "2017-09-05T22:11:34Z",
      "uri": "http://web.archive.org/web/20170905221134/https://goo.gl/eN8ffC"
    },
    "last": {
      "datetime": "2018-02-05T21:38:22Z",
      "uri": "http://web.archive.org/web/20180205213822/https://goo.gl/eN8ffC"
    }
  },
  "timemap_uri": {
    "link_format": "https://memgator.cs.odu.edu/timemap/link/https://goo.gl/eN8ffC%0A",
    "json_format": "https://memgator.cs.odu.edu/timemap/json/https://goo.gl/eN8ffC%0A",
    "cdxj_format": "https://memgator.cs.odu.edu/timemap/cdxj/https://goo.gl/eN8ffC%0A"
  },
  "timegate_uri": "https://memgator.cs.odu.edu/timegate/https://goo.gl/eN8ffC%0A"
}
