{
  "original_uri": "http://zpy.io/7292a9e6%0A",
  "self": "https://memgator.cs.odu.edu/timemap/json/http://zpy.io/7292a9e6%0A",
  "mementos": {
    "list": [
      {
        "datetime": "2017-11-08T23:14:21Z",
        "uri": "http://web.archive.org/web/20171108231421/http://zpy.io/7292a9e6"
      }
    ],
    "first": {
      "datetime": "2017-11-08T23:14:21Z",
      "uri": "http://web.archive.org/web/20171108231421/http://zpy.io/7292a9e6"
    },
    "last": {
      "datetime": "2017-11-08T23:14:21Z",
      "uri": "http://web.archive.org/web/20171108231421/http://zpy.io/7292a9e6"
    }
  },
  "timemap_uri": {
    "link_format": "https://memgator.cs.odu.edu/timemap/link/http://zpy.io/7292a9e6%0A",
    "json_format": "https://memgator.cs.odu.edu/timemap/json/http://zpy.io/7292a9e6%0A",
    "cdxj_format": "https://memgator.cs.odu.edu/timemap/cdxj/http://zpy.io/7292a9e6%0A"
  },
  "timegate_uri": "https://memgator.cs.odu.edu/timegate/http://zpy.io/7292a9e6%0A"
}
