{
  "original_uri": "https://www.livescience.com/61634-cobra-vs-python-photo.html%0A",
  "self": "https://memgator.cs.odu.edu/timemap/json/https://www.livescience.com/61634-cobra-vs-python-photo.html%0A",
  "mementos": {
    "list": [
      {
        "datetime": "2018-02-03T00:38:37Z",
        "uri": "http://web.archive.org/web/20180203003837/https://www.livescience.com/61634-cobra-vs-python-photo.html"
      },
      {
        "datetime": "2018-02-03T02:00:49Z",
        "uri": "http://web.archive.org/web/20180203020049/http://www.livescience.com/61634-cobra-vs-python-photo.html"
      },
      {
        "datetime": "2018-02-03T02:37:59Z",
        "uri": "http://web.archive.org/web/20180203023759/http://www.livescience.com/61634-cobra-vs-python-photo.html"
      },
      {
        "datetime": "2018-02-03T04:38:49Z",
        "uri": "http://web.archive.org/web/20180203043849/https://www.livescience.com/61634-cobra-vs-python-photo.html"
      },
      {
        "datetime": "2018-02-04T09:35:18Z",
        "uri": "http://web.archive.org/web/20180204093518/https://www.livescience.com/61634-cobra-vs-python-photo.html"
      },
      {
        "datetime": "2018-02-04T09:37:34Z",
        "uri": "http://web.archive.org/web/20180204093734/https://www.livescience.com/61634-cobra-vs-python-photo.html"
      },
      {
        "datetime": "2018-02-04T10:05:58Z",
        "uri": "http://web.archive.org/web/20180204100558/https://www.livescience.com/61634-cobra-vs-python-photo.html"
      },
      {
        "datetime": "2018-02-04T10:34:51Z",
        "uri": "http://web.archive.org/web/20180204103451/https://www.livescience.com/61634-cobra-vs-python-photo.html"
      },
      {
        "datetime": "2018-02-04T10:49:18Z",
        "uri": "http://web.archive.org/web/20180204104918/https://www.livescience.com/61634-cobra-vs-python-photo.html"
      },
      {
        "datetime": "2018-02-04T11:00:13Z",
        "uri": "http://web.archive.org/web/20180204110013/http://www.livescience.com/61634-cobra-vs-python-photo.html"
      },
      {
        "datetime": "2018-02-04T11:05:45Z",
        "uri": "http://web.archive.org/web/20180204110545/https://www.livescience.com/61634-cobra-vs-python-photo.html"
      },
      {
        "datetime": "2018-02-04T22:48:05Z",
        "uri": "http://web.archive.org/web/20180204224805/https://www.livescience.com/61634-cobra-vs-python-photo.html"
      },
      {
        "datetime": "2018-02-04T23:08:03Z",
        "uri": "http://web.archive.org/web/20180204230803/https://www.livescience.com/61634-cobra-vs-python-photo.html"
      },
      {
        "datetime": "2018-02-04T23:40:40Z",
        "uri": "http://web.archive.org/web/20180204234040/https://www.livescience.com/61634-cobra-vs-python-photo.html"
      },
      {
        "datetime": "2018-02-05T00:08:36Z",
        "uri": "http://web.archive.org/web/20180205000836/https://www.livescience.com/61634-cobra-vs-python-photo.html"
      },
      {
        "datetime": "2018-02-05T00:18:41Z",
        "uri": "http://web.archive.org/web/20180205001841/https://www.livescience.com/61634-cobra-vs-python-photo.html"
      },
      {
        "datetime": "2018-02-05T00:34:14Z",
        "uri": "http://web.archive.org/web/20180205003414/https://www.livescience.com/61634-cobra-vs-python-photo.html"
      },
      {
        "datetime": "2018-02-05T01:09:02Z",
        "uri": "http://web.archive.org/web/20180205010902/https://www.livescience.com/61634-cobra-vs-python-photo.html"
      },
      {
        "datetime": "2018-02-05T01:35:36Z",
        "uri": "http://web.archive.org/web/20180205013536/https://www.livescience.com/61634-cobra-vs-python-photo.html"
      },
      {
        "datetime": "2018-02-05T02:35:24Z",
        "uri": "http://web.archive.org/web/20180205023524/https://www.livescience.com/61634-cobra-vs-python-photo.html"
      },
      {
        "datetime": "2018-02-05T03:02:20Z",
        "uri": "http://web.archive.org/web/20180205030220/https://www.livescience.com/61634-cobra-vs-python-photo.html"
      },
      {
        "datetime": "2018-02-05T03:09:00Z",
        "uri": "http://web.archive.org/web/20180205030900/https://www.livescience.com/61634-cobra-vs-python-photo.html"
      },
      {
        "datetime": "2018-02-05T03:37:25Z",
        "uri": "http://web.archive.org/web/20180205033725/https://www.livescience.com/61634-cobra-vs-python-photo.html"
      },
      {
        "datetime": "2018-02-05T04:06:04Z",
        "uri": "http://web.archive.org/web/20180205040604/https://www.livescience.com/61634-cobra-vs-python-photo.html"
      },
      {
        "datetime": "2018-02-05T04:41:07Z",
        "uri": "http://web.archive.org/web/20180205044107/https://www.livescience.com/61634-cobra-vs-python-photo.html"
      },
      {
        "datetime": "2018-02-05T05:12:16Z",
        "uri": "http://web.archive.org/web/20180205051216/https://www.livescience.com/61634-cobra-vs-python-photo.html"
      },
      {
        "datetime": "2018-02-05T05:34:54Z",
        "uri": "http://web.archive.org/web/20180205053454/https://www.livescience.com/61634-cobra-vs-python-photo.html"
      },
      {
        "datetime": "2018-02-05T06:06:57Z",
        "uri": "http://web.archive.org/web/20180205060657/https://www.livescience.com/61634-cobra-vs-python-photo.html"
      },
      {
        "datetime": "2018-02-05T06:35:02Z",
        "uri": "http://web.archive.org/web/20180205063502/https://www.livescience.com/61634-cobra-vs-python-photo.html"
      },
      {
        "datetime": "2018-02-05T07:05:50Z",
        "uri": "http://web.archive.org/web/20180205070550/https://www.livescience.com/61634-cobra-vs-python-photo.html"
      },
      {
        "datetime": "2018-02-05T07:35:13Z",
        "uri": "http://web.archive.org/web/20180205073513/https://www.livescience.com/61634-cobra-vs-python-photo.html"
      },
      {
        "datetime": "2018-02-05T07:55:41Z",
        "uri": "http://web.archive.org/web/20180205075541/https://www.livescience.com/61634-cobra-vs-python-photo.html"
      },
      {
        "datetime": "2018-02-05T08:10:36Z",
        "uri": "http://web.archive.org/web/20180205081036/https://www.livescience.com/61634-cobra-vs-python-photo.html"
      },
      {
        "datetime": "2018-02-05T08:34:22Z",
        "uri": "http://web.archive.org/web/20180205083422/https://www.livescience.com/61634-cobra-vs-python-photo.html"
      },
      {
        "datetime": "2018-02-05T09:05:02Z",
        "uri": "http://web.archive.org/web/20180205090502/https://www.livescience.com/61634-cobra-vs-python-photo.html"
      },
      {
        "datetime": "2018-02-05T09:35:37Z",
        "uri": "http://web.archive.org/web/20180205093537/https://www.livescience.com/61634-cobra-vs-python-photo.html"
      },
      {
        "datetime": "2018-02-05T10:08:36Z",
        "uri": "http://web.archive.org/web/20180205100836/https://www.livescience.com/61634-cobra-vs-python-photo.html"
      },
      {
        "datetime": "2018-02-07T19:36:34Z",
        "uri": "http://web.archive.org/web/20180207193634/https://www.livescience.com/61634-cobra-vs-python-photo.html"
      }
    ],
    "first": {
      "datetime": "2018-02-03T00:38:37Z",
      "uri": "http://web.archive.org/web/20180203003837/https://www.livescience.com/61634-cobra-vs-python-photo.html"
    },
    "last": {
      "datetime": "2018-02-07T19:36:34Z",
      "uri": "http://web.archive.org/web/20180207193634/https://www.livescience.com/61634-cobra-vs-python-photo.html"
    }
  },
  "timemap_uri": {
    "link_format": "https://memgator.cs.odu.edu/timemap/link/https://www.livescience.com/61634-cobra-vs-python-photo.html%0A",
    "json_format": "https://memgator.cs.odu.edu/timemap/json/https://www.livescience.com/61634-cobra-vs-python-photo.html%0A",
    "cdxj_format": "https://memgator.cs.odu.edu/timemap/cdxj/https://www.livescience.com/61634-cobra-vs-python-photo.html%0A"
  },
  "timegate_uri": "https://memgator.cs.odu.edu/timegate/https://www.livescience.com/61634-cobra-vs-python-photo.html%0A"
}
