{
  "original_uri": "https://www.analyticsvidhya.com/blog/2018/02/time-series-forecasting-methods/%0A",
  "self": "https://memgator.cs.odu.edu/timemap/json/https://www.analyticsvidhya.com/blog/2018/02/time-series-forecasting-methods/%0A",
  "mementos": {
    "list": [
      {
        "datetime": "2018-02-10T18:41:49Z",
        "uri": "http://web.archive.org/web/20180210184149/https://www.analyticsvidhya.com/blog/2018/02/time-series-forecasting-methods/"
      },
      {
        "datetime": "2018-02-11T20:48:28Z",
        "uri": "http://web.archive.org/web/20180211204828/https://www.analyticsvidhya.com/blog/2018/02/time-series-forecasting-methods/"
      }
    ],
    "first": {
      "datetime": "2018-02-10T18:41:49Z",
      "uri": "http://web.archive.org/web/20180210184149/https://www.analyticsvidhya.com/blog/2018/02/time-series-forecasting-methods/"
    },
    "last": {
      "datetime": "2018-02-11T20:48:28Z",
      "uri": "http://web.archive.org/web/20180211204828/https://www.analyticsvidhya.com/blog/2018/02/time-series-forecasting-methods/"
    }
  },
  "timemap_uri": {
    "link_format": "https://memgator.cs.odu.edu/timemap/link/https://www.analyticsvidhya.com/blog/2018/02/time-series-forecasting-methods/%0A",
    "json_format": "https://memgator.cs.odu.edu/timemap/json/https://www.analyticsvidhya.com/blog/2018/02/time-series-forecasting-methods/%0A",
    "cdxj_format": "https://memgator.cs.odu.edu/timemap/cdxj/https://www.analyticsvidhya.com/blog/2018/02/time-series-forecasting-methods/%0A"
  },
  "timegate_uri": "https://memgator.cs.odu.edu/timegate/https://www.analyticsvidhya.com/blog/2018/02/time-series-forecasting-methods/%0A"
}
