{
  "original_uri": "http://streaming.pro-fhi.net/PanoramixRadioStation%0A",
  "self": "https://memgator.cs.odu.edu/timemap/json/http://streaming.pro-fhi.net/PanoramixRadioStation%0A",
  "mementos": {
    "list": [
      {
        "datetime": "2017-08-29T23:02:13Z",
        "uri": "http://web.archive.org/web/20170829230213/http://streaming.pro-fhi.net/PanoramixRadioStation"
      },
      {
        "datetime": "2017-11-04T23:27:58Z",
        "uri": "http://web.archive.org/web/20171104232758/http://streaming.pro-fhi.net/PanoramixRadioStation"
      },
      {
        "datetime": "2017-11-09T11:04:57Z",
        "uri": "http://web.archive.org/web/20171109110457/http://streaming.pro-fhi.net/PanoramixRadioStation"
      },
      {
        "datetime": "2017-11-10T05:54:48Z",
        "uri": "http://web.archive.org/web/20171110055448/http://streaming.pro-fhi.net/PanoramixRadioStation"
      },
      {
        "datetime": "2017-11-18T07:01:18Z",
        "uri": "http://web.archive.org/web/20171118070118/http://streaming.pro-fhi.net/PanoramixRadioStation"
      },
      {
        "datetime": "2017-11-18T21:36:25Z",
        "uri": "http://web.archive.org/web/20171118213625/http://streaming.pro-fhi.net/PanoramixRadioStation"
      },
      {
        "datetime": "2017-11-25T18:34:26Z",
        "uri": "http://web.archive.org/web/20171125183426/http://streaming.pro-fhi.net/PanoramixRadioStation"
      },
      {
        "datetime": "2017-12-06T23:34:55Z",
        "uri": "http://web.archive.org/web/20171206233455/http://streaming.pro-fhi.net/PanoramixRadioStation"
      },
      {
        "datetime": "2017-12-13T23:58:18Z",
        "uri": "http://web.archive.org/web/20171213235818/http://streaming.pro-fhi.net/PanoramixRadioStation"
      },
      {
        "datetime": "2017-12-20T10:21:03Z",
        "uri": "http://web.archive.org/web/20171220102103/http://streaming.pro-fhi.net/PanoramixRadioStation"
      },
      {
        "datetime": "2017-12-23T18:59:02Z",
        "uri": "http://web.archive.org/web/20171223185902/http://streaming.pro-fhi.net/PanoramixRadioStation"
      },
      {
        "datetime": "2018-02-12T09:39:01Z",
        "uri": "http://web.archive.org/web/20180212093901/http://streaming.pro-fhi.net/PanoramixRadioStation"
      },
      {
        "datetime": "2018-02-12T09:39:01Z",
        "uri": "http://web.archive.org/web/20180212093901/http://streaming.pro-fhi.net/PanoramixRadioStation"
      },
      {
        "datetime": "2018-02-12T09:39:13Z",
        "uri": "http://web.archive.org/web/20180212093913/http://streaming.pro-fhi.net/PanoramixRadioStation"
      },
      {
        "datetime": "2018-02-12T09:39:13Z",
        "uri": "http://web.archive.org/web/20180212093913/http://streaming.pro-fhi.net/PanoramixRadioStation"
      }
    ],
    "first": {
      "datetime": "2017-08-29T23:02:13Z",
      "uri": "http://web.archive.org/web/20170829230213/http://streaming.pro-fhi.net/PanoramixRadioStation"
    },
    "last": {
      "datetime": "2018-02-12T09:39:13Z",
      "uri": "http://web.archive.org/web/20180212093913/http://streaming.pro-fhi.net/PanoramixRadioStation"
    }
  },
  "timemap_uri": {
    "link_format": "https://memgator.cs.odu.edu/timemap/link/http://streaming.pro-fhi.net/PanoramixRadioStation%0A",
    "json_format": "https://memgator.cs.odu.edu/timemap/json/http://streaming.pro-fhi.net/PanoramixRadioStation%0A",
    "cdxj_format": "https://memgator.cs.odu.edu/timemap/cdxj/http://streaming.pro-fhi.net/PanoramixRadioStation%0A"
  },
  "timegate_uri": "https://memgator.cs.odu.edu/timegate/http://streaming.pro-fhi.net/PanoramixRadioStation%0A"
}
