{
  "original_uri": "http://bit.ly/1tgSDTx%0A",
  "self": "https://memgator.cs.odu.edu/timemap/json/http://bit.ly/1tgSDTx%0A",
  "mementos": {
    "list": [
      {
        "datetime": "2017-08-29T22:25:23Z",
        "uri": "http://web.archive.org/web/20170829222523/http://bit.ly/1tgSDTx"
      }
    ],
    "first": {
      "datetime": "2017-08-29T22:25:23Z",
      "uri": "http://web.archive.org/web/20170829222523/http://bit.ly/1tgSDTx"
    },
    "last": {
      "datetime": "2017-08-29T22:25:23Z",
      "uri": "http://web.archive.org/web/20170829222523/http://bit.ly/1tgSDTx"
    }
  },
  "timemap_uri": {
    "link_format": "https://memgator.cs.odu.edu/timemap/link/http://bit.ly/1tgSDTx%0A",
    "json_format": "https://memgator.cs.odu.edu/timemap/json/http://bit.ly/1tgSDTx%0A",
    "cdxj_format": "https://memgator.cs.odu.edu/timemap/cdxj/http://bit.ly/1tgSDTx%0A"
  },
  "timegate_uri": "https://memgator.cs.odu.edu/timegate/http://bit.ly/1tgSDTx%0A"
}
