{
  "original_uri": "http://bit.ly/2jFEMWI%0A",
  "self": "https://memgator.cs.odu.edu/timemap/json/http://bit.ly/2jFEMWI%0A",
  "mementos": {
    "list": [
      {
        "datetime": "2017-07-30T00:09:41Z",
        "uri": "http://web.archive.org/web/20170730000941/http://bit.ly/2jFEMWI"
      },
      {
        "datetime": "2017-08-30T09:11:37Z",
        "uri": "http://web.archive.org/web/20170830091137/http://bit.ly/2jFEMWI"
      },
      {
        "datetime": "2017-09-06T22:18:16Z",
        "uri": "http://web.archive.org/web/20170906221816/http://bit.ly/2jFEMWI"
      },
      {
        "datetime": "2017-10-04T22:15:29Z",
        "uri": "http://web.archive.org/web/20171004221529/http://bit.ly/2jFEMWI"
      },
      {
        "datetime": "2017-11-04T08:00:32Z",
        "uri": "http://web.archive.org/web/20171104080032/http://bit.ly/2jFEMWI"
      },
      {
        "datetime": "2017-11-04T20:30:49Z",
        "uri": "http://web.archive.org/web/20171104203049/http://bit.ly/2jFEMWI"
      },
      {
        "datetime": "2017-11-05T08:00:30Z",
        "uri": "http://web.archive.org/web/20171105080030/http://bit.ly/2jFEMWI"
      },
      {
        "datetime": "2017-11-06T08:00:31Z",
        "uri": "http://web.archive.org/web/20171106080031/http://bit.ly/2jFEMWI"
      },
      {
        "datetime": "2017-11-06T15:01:35Z",
        "uri": "http://web.archive.org/web/20171106150135/http://bit.ly/2jFEMWI"
      },
      {
        "datetime": "2017-11-07T08:01:18Z",
        "uri": "http://web.archive.org/web/20171107080118/http://bit.ly/2jFEMWI"
      },
      {
        "datetime": "2017-11-07T15:01:32Z",
        "uri": "http://web.archive.org/web/20171107150132/http://bit.ly/2jFEMWI"
      },
      {
        "datetime": "2017-11-07T20:32:05Z",
        "uri": "http://web.archive.org/web/20171107203205/http://bit.ly/2jFEMWI"
      },
      {
        "datetime": "2017-11-08T08:00:30Z",
        "uri": "http://web.archive.org/web/20171108080030/http://bit.ly/2jFEMWI"
      },
      {
        "datetime": "2017-11-08T15:02:55Z",
        "uri": "http://web.archive.org/web/20171108150255/http://bit.ly/2jFEMWI"
      },
      {
        "datetime": "2017-11-09T15:01:45Z",
        "uri": "http://web.archive.org/web/20171109150145/http://bit.ly/2jFEMWI"
      },
      {
        "datetime": "2017-11-10T08:00:51Z",
        "uri": "http://web.archive.org/web/20171110080051/http://bit.ly/2jFEMWI"
      },
      {
        "datetime": "2017-11-10T15:01:46Z",
        "uri": "http://web.archive.org/web/20171110150146/http://bit.ly/2jFEMWI"
      },
      {
        "datetime": "2017-11-11T08:00:34Z",
        "uri": "http://web.archive.org/web/20171111080034/http://bit.ly/2jFEMWI"
      },
      {
        "datetime": "2017-11-11T15:01:36Z",
        "uri": "http://web.archive.org/web/20171111150136/http://bit.ly/2jFEMWI"
      },
      {
        "datetime": "2017-11-11T20:30:53Z",
        "uri": "http://web.archive.org/web/20171111203053/http://bit.ly/2jFEMWI"
      },
      {
        "datetime": "2017-11-14T08:00:30Z",
        "uri": "http://web.archive.org/web/20171114080030/http://bit.ly/2jFEMWI"
      },
      {
        "datetime": "2017-11-14T15:01:35Z",
        "uri": "http://web.archive.org/web/20171114150135/http://bit.ly/2jFEMWI"
      },
      {
        "datetime": "2017-11-15T08:00:33Z",
        "uri": "http://web.archive.org/web/20171115080033/http://bit.ly/2jFEMWI"
      },
      {
        "datetime": "2017-11-15T20:30:56Z",
        "uri": "http://web.archive.org/web/20171115203056/http://bit.ly/2jFEMWI"
      },
      {
        "datetime": "2017-11-16T08:00:28Z",
        "uri": "http://web.archive.org/web/20171116080028/http://bit.ly/2jFEMWI"
      },
      {
        "datetime": "2017-11-17T08:00:30Z",
        "uri": "http://web.archive.org/web/20171117080030/http://bit.ly/2jFEMWI"
      },
      {
        "datetime": "2017-11-17T20:31:22Z",
        "uri": "http://web.archive.org/web/20171117203122/http://bit.ly/2jFEMWI"
      },
      {
        "datetime": "2017-11-18T15:01:34Z",
        "uri": "http://web.archive.org/web/20171118150134/http://bit.ly/2jFEMWI"
      },
      {
        "datetime": "2017-11-19T08:00:30Z",
        "uri": "http://web.archive.org/web/20171119080030/http://bit.ly/2jFEMWI"
      },
      {
        "datetime": "2017-11-19T15:01:36Z",
        "uri": "http://web.archive.org/web/20171119150136/http://bit.ly/2jFEMWI"
      },
      {
        "datetime": "2017-11-19T20:30:52Z",
        "uri": "http://web.archive.org/web/20171119203052/http://bit.ly/2jFEMWI"
      },
      {
        "datetime": "2017-11-20T16:01:37Z",
        "uri": "http://web.archive.org/web/20171120160137/http://bit.ly/2jFEMWI"
      },
      {
        "datetime": "2017-11-20T21:31:08Z",
        "uri": "http://web.archive.org/web/20171120213108/http://bit.ly/2jFEMWI"
      },
      {
        "datetime": "2017-11-21T08:00:32Z",
        "uri": "http://web.archive.org/web/20171121080032/http://bit.ly/2jFEMWI"
      },
      {
        "datetime": "2017-11-21T16:01:47Z",
        "uri": "http://web.archive.org/web/20171121160147/http://bit.ly/2jFEMWI"
      },
      {
        "datetime": "2017-11-21T21:31:02Z",
        "uri": "http://web.archive.org/web/20171121213102/http://bit.ly/2jFEMWI"
      },
      {
        "datetime": "2017-11-22T16:01:39Z",
        "uri": "http://web.archive.org/web/20171122160139/http://bit.ly/2jFEMWI"
      },
      {
        "datetime": "2017-11-23T08:00:28Z",
        "uri": "http://web.archive.org/web/20171123080028/http://bit.ly/2jFEMWI"
      },
      {
        "datetime": "2017-11-23T16:01:55Z",
        "uri": "http://web.archive.org/web/20171123160155/http://bit.ly/2jFEMWI"
      },
      {
        "datetime": "2017-11-23T21:30:51Z",
        "uri": "http://web.archive.org/web/20171123213051/http://bit.ly/2jFEMWI"
      },
      {
        "datetime": "2017-11-24T16:01:39Z",
        "uri": "http://web.archive.org/web/20171124160139/http://bit.ly/2jFEMWI"
      },
      {
        "datetime": "2017-11-24T21:30:53Z",
        "uri": "http://web.archive.org/web/20171124213053/http://bit.ly/2jFEMWI"
      },
      {
        "datetime": "2017-11-25T08:00:38Z",
        "uri": "http://web.archive.org/web/20171125080038/http://bit.ly/2jFEMWI"
      },
      {
        "datetime": "2017-11-25T16:01:34Z",
        "uri": "http://web.archive.org/web/20171125160134/http://bit.ly/2jFEMWI"
      },
      {
        "datetime": "2017-11-25T21:30:59Z",
        "uri": "http://web.archive.org/web/20171125213059/http://bit.ly/2jFEMWI"
      },
      {
        "datetime": "2017-11-26T08:00:30Z",
        "uri": "http://web.archive.org/web/20171126080030/http://bit.ly/2jFEMWI"
      },
      {
        "datetime": "2017-11-26T16:02:20Z",
        "uri": "http://web.archive.org/web/20171126160220/http://bit.ly/2jFEMWI"
      },
      {
        "datetime": "2017-11-27T08:00:28Z",
        "uri": "http://web.archive.org/web/20171127080028/http://bit.ly/2jFEMWI"
      },
      {
        "datetime": "2017-11-28T08:00:41Z",
        "uri": "http://web.archive.org/web/20171128080041/http://bit.ly/2jFEMWI"
      },
      {
        "datetime": "2017-11-28T16:01:45Z",
        "uri": "http://web.archive.org/web/20171128160145/http://bit.ly/2jFEMWI"
      },
      {
        "datetime": "2017-11-30T08:00:30Z",
        "uri": "http://web.archive.org/web/20171130080030/http://bit.ly/2jFEMWI"
      },
      {
        "datetime": "2017-11-30T16:01:34Z",
        "uri": "http://web.archive.org/web/20171130160134/http://bit.ly/2jFEMWI"
      },
      {
        "datetime": "2017-11-30T21:31:03Z",
        "uri": "http://web.archive.org/web/20171130213103/http://bit.ly/2jFEMWI"
      },
      {
        "datetime": "2017-12-01T08:00:29Z",
        "uri": "http://web.archive.org/web/20171201080029/http://bit.ly/2jFEMWI"
      },
      {
        "datetime": "2017-12-01T21:31:04Z",
        "uri": "http://web.archive.org/web/20171201213104/http://bit.ly/2jFEMWI"
      },
      {
        "datetime": "2017-12-02T08:00:36Z",
        "uri": "http://web.archive.org/web/20171202080036/http://bit.ly/2jFEMWI"
      },
      {
        "datetime": "2017-12-02T16:01:35Z",
        "uri": "http://web.archive.org/web/20171202160135/http://bit.ly/2jFEMWI"
      },
      {
        "datetime": "2017-12-02T21:31:02Z",
        "uri": "http://web.archive.org/web/20171202213102/http://bit.ly/2jFEMWI"
      },
      {
        "datetime": "2017-12-03T08:00:40Z",
        "uri": "http://web.archive.org/web/20171203080040/http://bit.ly/2jFEMWI"
      },
      {
        "datetime": "2017-12-03T16:01:37Z",
        "uri": "http://web.archive.org/web/20171203160137/http://bit.ly/2jFEMWI"
      },
      {
        "datetime": "2017-12-04T08:00:39Z",
        "uri": "http://web.archive.org/web/20171204080039/http://bit.ly/2jFEMWI"
      },
      {
        "datetime": "2017-12-04T16:01:44Z",
        "uri": "http://web.archive.org/web/20171204160144/http://bit.ly/2jFEMWI"
      },
      {
        "datetime": "2017-12-04T21:31:41Z",
        "uri": "http://web.archive.org/web/20171204213141/http://bit.ly/2jFEMWI"
      },
      {
        "datetime": "2017-12-05T08:00:29Z",
        "uri": "http://web.archive.org/web/20171205080029/http://bit.ly/2jFEMWI"
      },
      {
        "datetime": "2017-12-05T16:01:42Z",
        "uri": "http://web.archive.org/web/20171205160142/http://bit.ly/2jFEMWI"
      },
      {
        "datetime": "2017-12-05T21:31:26Z",
        "uri": "http://web.archive.org/web/20171205213126/http://bit.ly/2jFEMWI"
      },
      {
        "datetime": "2017-12-06T08:00:34Z",
        "uri": "http://web.archive.org/web/20171206080034/http://bit.ly/2jFEMWI"
      },
      {
        "datetime": "2017-12-06T16:01:40Z",
        "uri": "http://web.archive.org/web/20171206160140/http://bit.ly/2jFEMWI"
      },
      {
        "datetime": "2017-12-07T16:01:38Z",
        "uri": "http://web.archive.org/web/20171207160138/http://bit.ly/2jFEMWI"
      },
      {
        "datetime": "2017-12-08T08:00:37Z",
        "uri": "http://web.archive.org/web/20171208080037/http://bit.ly/2jFEMWI"
      },
      {
        "datetime": "2017-12-08T21:31:00Z",
        "uri": "http://web.archive.org/web/20171208213100/http://bit.ly/2jFEMWI"
      },
      {
        "datetime": "2017-12-09T08:00:31Z",
        "uri": "http://web.archive.org/web/20171209080031/http://bit.ly/2jFEMWI"
      },
      {
        "datetime": "2017-12-09T16:01:39Z",
        "uri": "http://web.archive.org/web/20171209160139/http://bit.ly/2jFEMWI"
      },
      {
        "datetime": "2017-12-09T21:31:00Z",
        "uri": "http://web.archive.org/web/20171209213100/http://bit.ly/2jFEMWI"
      },
      {
        "datetime": "2017-12-11T08:00:42Z",
        "uri": "http://web.archive.org/web/20171211080042/http://bit.ly/2jFEMWI"
      },
      {
        "datetime": "2017-12-11T16:01:41Z",
        "uri": "http://web.archive.org/web/20171211160141/http://bit.ly/2jFEMWI"
      },
      {
        "datetime": "2017-12-12T08:00:29Z",
        "uri": "http://web.archive.org/web/20171212080029/http://bit.ly/2jFEMWI"
      },
      {
        "datetime": "2017-12-13T08:00:34Z",
        "uri": "http://web.archive.org/web/20171213080034/http://bit.ly/2jFEMWI"
      },
      {
        "datetime": "2017-12-14T08:00:30Z",
        "uri": "http://web.archive.org/web/20171214080030/http://bit.ly/2jFEMWI"
      },
      {
        "datetime": "2017-12-14T21:31:01Z",
        "uri": "http://web.archive.org/web/20171214213101/http://bit.ly/2jFEMWI"
      },
      {
        "datetime": "2017-12-15T08:00:32Z",
        "uri": "http://web.archive.org/web/20171215080032/http://bit.ly/2jFEMWI"
      },
      {
        "datetime": "2017-12-15T16:01:35Z",
        "uri": "http://web.archive.org/web/20171215160135/http://bit.ly/2jFEMWI"
      },
      {
        "datetime": "2017-12-15T21:30:58Z",
        "uri": "http://web.archive.org/web/20171215213058/http://bit.ly/2jFEMWI"
      },
      {
        "datetime": "2017-12-16T08:00:34Z",
        "uri": "http://web.archive.org/web/20171216080034/http://bit.ly/2jFEMWI"
      },
      {
        "datetime": "2017-12-16T21:30:52Z",
        "uri": "http://web.archive.org/web/20171216213052/http://bit.ly/2jFEMWI"
      },
      {
        "datetime": "2017-12-17T16:01:33Z",
        "uri": "http://web.archive.org/web/20171217160133/http://bit.ly/2jFEMWI"
      },
      {
        "datetime": "2017-12-17T21:30:54Z",
        "uri": "http://web.archive.org/web/20171217213054/http://bit.ly/2jFEMWI"
      },
      {
        "datetime": "2017-12-19T16:02:02Z",
        "uri": "http://web.archive.org/web/20171219160202/http://bit.ly/2jFEMWI"
      },
      {
        "datetime": "2017-12-19T21:31:03Z",
        "uri": "http://web.archive.org/web/20171219213103/http://bit.ly/2jFEMWI"
      },
      {
        "datetime": "2017-12-20T08:00:45Z",
        "uri": "http://web.archive.org/web/20171220080045/http://bit.ly/2jFEMWI"
      },
      {
        "datetime": "2017-12-20T16:01:34Z",
        "uri": "http://web.archive.org/web/20171220160134/http://bit.ly/2jFEMWI"
      },
      {
        "datetime": "2017-12-20T21:30:53Z",
        "uri": "http://web.archive.org/web/20171220213053/http://bit.ly/2jFEMWI"
      },
      {
        "datetime": "2017-12-21T08:00:30Z",
        "uri": "http://web.archive.org/web/20171221080030/http://bit.ly/2jFEMWI"
      },
      {
        "datetime": "2017-12-21T21:30:52Z",
        "uri": "http://web.archive.org/web/20171221213052/http://bit.ly/2jFEMWI"
      },
      {
        "datetime": "2017-12-22T16:01:33Z",
        "uri": "http://web.archive.org/web/20171222160133/http://bit.ly/2jFEMWI"
      },
      {
        "datetime": "2017-12-23T08:00:31Z",
        "uri": "http://web.archive.org/web/20171223080031/http://bit.ly/2jFEMWI"
      },
      {
        "datetime": "2017-12-23T16:01:35Z",
        "uri": "http://web.archive.org/web/20171223160135/http://bit.ly/2jFEMWI"
      },
      {
        "datetime": "2017-12-23T21:30:51Z",
        "uri": "http://web.archive.org/web/20171223213051/http://bit.ly/2jFEMWI"
      },
      {
        "datetime": "2017-12-24T16:01:35Z",
        "uri": "http://web.archive.org/web/20171224160135/http://bit.ly/2jFEMWI"
      },
      {
        "datetime": "2017-12-25T08:00:34Z",
        "uri": "http://web.archive.org/web/20171225080034/http://bit.ly/2jFEMWI"
      },
      {
        "datetime": "2017-12-25T16:01:30Z",
        "uri": "http://web.archive.org/web/20171225160130/http://bit.ly/2jFEMWI"
      },
      {
        "datetime": "2017-12-25T21:30:50Z",
        "uri": "http://web.archive.org/web/20171225213050/http://bit.ly/2jFEMWI"
      },
      {
        "datetime": "2017-12-26T08:00:52Z",
        "uri": "http://web.archive.org/web/20171226080052/http://bit.ly/2jFEMWI"
      },
      {
        "datetime": "2017-12-26T16:01:45Z",
        "uri": "http://web.archive.org/web/20171226160145/http://bit.ly/2jFEMWI"
      },
      {
        "datetime": "2017-12-28T21:30:57Z",
        "uri": "http://web.archive.org/web/20171228213057/http://bit.ly/2jFEMWI"
      },
      {
        "datetime": "2017-12-29T08:00:33Z",
        "uri": "http://web.archive.org/web/20171229080033/http://bit.ly/2jFEMWI"
      },
      {
        "datetime": "2017-12-29T21:31:00Z",
        "uri": "http://web.archive.org/web/20171229213100/http://bit.ly/2jFEMWI"
      },
      {
        "datetime": "2017-12-31T08:00:42Z",
        "uri": "http://web.archive.org/web/20171231080042/http://bit.ly/2jFEMWI"
      },
      {
        "datetime": "2017-12-31T21:30:59Z",
        "uri": "http://web.archive.org/web/20171231213059/http://bit.ly/2jFEMWI"
      },
      {
        "datetime": "2018-01-01T08:00:42Z",
        "uri": "http://web.archive.org/web/20180101080042/http://bit.ly/2jFEMWI"
      },
      {
        "datetime": "2018-01-01T16:02:50Z",
        "uri": "http://web.archive.org/web/20180101160250/http://bit.ly/2jFEMWI"
      },
      {
        "datetime": "2018-01-01T21:31:19Z",
        "uri": "http://web.archive.org/web/20180101213119/http://bit.ly/2jFEMWI"
      },
      {
        "datetime": "2018-01-02T16:02:47Z",
        "uri": "http://web.archive.org/web/20180102160247/http://bit.ly/2jFEMWI"
      },
      {
        "datetime": "2018-01-03T16:01:34Z",
        "uri": "http://web.archive.org/web/20180103160134/http://bit.ly/2jFEMWI"
      },
      {
        "datetime": "2018-01-03T21:30:53Z",
        "uri": "http://web.archive.org/web/20180103213053/http://bit.ly/2jFEMWI"
      },
      {
        "datetime": "2018-01-04T08:00:36Z",
        "uri": "http://web.archive.org/web/20180104080036/http://bit.ly/2jFEMWI"
      },
      {
        "datetime": "2018-01-13T21:32:43Z",
        "uri": "http://web.archive.org/web/20180113213243/http://bit.ly/2jFEMWI"
      },
      {
        "datetime": "2018-01-15T16:02:17Z",
        "uri": "http://web.archive.org/web/20180115160217/http://bit.ly/2jFEMWI"
      },
      {
        "datetime": "2018-01-16T16:01:38Z",
        "uri": "http://web.archive.org/web/20180116160138/http://bit.ly/2jFEMWI"
      },
      {
        "datetime": "2018-01-17T21:31:49Z",
        "uri": "http://web.archive.org/web/20180117213149/http://bit.ly/2jFEMWI"
      },
      {
        "datetime": "2018-01-18T16:02:08Z",
        "uri": "http://web.archive.org/web/20180118160208/http://bit.ly/2jFEMWI"
      },
      {
        "datetime": "2018-01-18T21:31:10Z",
        "uri": "http://web.archive.org/web/20180118213110/http://bit.ly/2jFEMWI"
      },
      {
        "datetime": "2018-01-20T08:01:13Z",
        "uri": "http://web.archive.org/web/20180120080113/http://bit.ly/2jFEMWI"
      },
      {
        "datetime": "2018-01-20T21:31:08Z",
        "uri": "http://web.archive.org/web/20180120213108/http://bit.ly/2jFEMWI"
      },
      {
        "datetime": "2018-01-21T08:01:51Z",
        "uri": "http://web.archive.org/web/20180121080151/http://bit.ly/2jFEMWI"
      },
      {
        "datetime": "2018-01-23T08:00:29Z",
        "uri": "http://web.archive.org/web/20180123080029/http://bit.ly/2jFEMWI"
      },
      {
        "datetime": "2018-01-25T16:01:50Z",
        "uri": "http://web.archive.org/web/20180125160150/http://bit.ly/2jFEMWI"
      },
      {
        "datetime": "2018-01-25T21:31:09Z",
        "uri": "http://web.archive.org/web/20180125213109/http://bit.ly/2jFEMWI"
      },
      {
        "datetime": "2018-01-26T08:00:28Z",
        "uri": "http://web.archive.org/web/20180126080028/http://bit.ly/2jFEMWI"
      },
      {
        "datetime": "2018-01-26T21:31:01Z",
        "uri": "http://web.archive.org/web/20180126213101/http://bit.ly/2jFEMWI"
      },
      {
        "datetime": "2018-01-27T16:01:46Z",
        "uri": "http://web.archive.org/web/20180127160146/http://bit.ly/2jFEMWI"
      },
      {
        "datetime": "2018-01-28T08:00:30Z",
        "uri": "http://web.archive.org/web/20180128080030/http://bit.ly/2jFEMWI"
      },
      {
        "datetime": "2018-01-30T08:00:31Z",
        "uri": "http://web.archive.org/web/20180130080031/http://bit.ly/2jFEMWI"
      },
      {
        "datetime": "2018-01-30T16:01:50Z",
        "uri": "http://web.archive.org/web/20180130160150/http://bit.ly/2jFEMWI"
      },
      {
        "datetime": "2018-01-30T21:30:59Z",
        "uri": "http://web.archive.org/web/20180130213059/http://bit.ly/2jFEMWI"
      },
      {
        "datetime": "2018-01-31T08:00:33Z",
        "uri": "http://web.archive.org/web/20180131080033/http://bit.ly/2jFEMWI"
      },
      {
        "datetime": "2018-02-01T08:00:30Z",
        "uri": "http://web.archive.org/web/20180201080030/http://bit.ly/2jFEMWI"
      },
      {
        "datetime": "2018-02-01T16:01:38Z",
        "uri": "http://web.archive.org/web/20180201160138/http://bit.ly/2jFEMWI"
      },
      {
        "datetime": "2018-02-06T21:30:52Z",
        "uri": "http://web.archive.org/web/20180206213052/http://bit.ly/2jFEMWI"
      },
      {
        "datetime": "2018-02-06T21:30:52Z",
        "uri": "http://web.archive.org/web/20180206213052/http://bit.ly/2jFEMWI"
      },
      {
        "datetime": "2018-02-07T16:01:39Z",
        "uri": "http://web.archive.org/web/20180207160139/http://bit.ly/2jFEMWI"
      },
      {
        "datetime": "2018-02-07T21:30:51Z",
        "uri": "http://web.archive.org/web/20180207213051/http://bit.ly/2jFEMWI"
      },
      {
        "datetime": "2018-02-07T21:30:59Z",
        "uri": "http://web.archive.org/web/20180207213059/http://bit.ly/2jFEMWI"
      },
      {
        "datetime": "2018-02-08T16:01:40Z",
        "uri": "http://web.archive.org/web/20180208160140/http://bit.ly/2jFEMWI"
      },
      {
        "datetime": "2018-02-08T21:31:10Z",
        "uri": "http://web.archive.org/web/20180208213110/http://bit.ly/2jFEMWI"
      },
      {
        "datetime": "2018-02-09T21:31:04Z",
        "uri": "http://web.archive.org/web/20180209213104/http://bit.ly/2jFEMWI"
      },
      {
        "datetime": "2018-02-10T16:02:38Z",
        "uri": "http://web.archive.org/web/20180210160238/http://bit.ly/2jFEMWI"
      },
      {
        "datetime": "2018-02-10T21:30:49Z",
        "uri": "http://web.archive.org/web/20180210213049/http://bit.ly/2jFEMWI"
      },
      {
        "datetime": "2018-02-11T08:00:29Z",
        "uri": "http://web.archive.org/web/20180211080029/http://bit.ly/2jFEMWI"
      },
      {
        "datetime": "2018-02-11T08:00:33Z",
        "uri": "http://web.archive.org/web/20180211080033/http://bit.ly/2jFEMWI"
      },
      {
        "datetime": "2018-02-11T16:01:33Z",
        "uri": "http://web.archive.org/web/20180211160133/http://bit.ly/2jFEMWI"
      },
      {
        "datetime": "2018-02-11T16:01:36Z",
        "uri": "http://web.archive.org/web/20180211160136/http://bit.ly/2jFEMWI"
      },
      {
        "datetime": "2018-02-12T08:00:29Z",
        "uri": "http://web.archive.org/web/20180212080029/http://bit.ly/2jFEMWI"
      }
    ],
    "first": {
      "datetime": "2017-07-30T00:09:41Z",
      "uri": "http://web.archive.org/web/20170730000941/http://bit.ly/2jFEMWI"
    },
    "last": {
      "datetime": "2018-02-12T08:00:29Z",
      "uri": "http://web.archive.org/web/20180212080029/http://bit.ly/2jFEMWI"
    }
  },
  "timemap_uri": {
    "link_format": "https://memgator.cs.odu.edu/timemap/link/http://bit.ly/2jFEMWI%0A",
    "json_format": "https://memgator.cs.odu.edu/timemap/json/http://bit.ly/2jFEMWI%0A",
    "cdxj_format": "https://memgator.cs.odu.edu/timemap/cdxj/http://bit.ly/2jFEMWI%0A"
  },
  "timegate_uri": "https://memgator.cs.odu.edu/timegate/http://bit.ly/2jFEMWI%0A"
}
