{
  "original_uri": "https://access.redhat.com/security/cve/CVE-2018-6594%0A",
  "self": "https://memgator.cs.odu.edu/timemap/json/https://access.redhat.com/security/cve/CVE-2018-6594%0A",
  "mementos": {
    "list": [
      {
        "datetime": "2018-02-09T13:50:59Z",
        "uri": "http://web.archive.org/web/20180209135059/https://access.redhat.com/security/cve/CVE-2018-6594"
      }
    ],
    "first": {
      "datetime": "2018-02-09T13:50:59Z",
      "uri": "http://web.archive.org/web/20180209135059/https://access.redhat.com/security/cve/CVE-2018-6594"
    },
    "last": {
      "datetime": "2018-02-09T13:50:59Z",
      "uri": "http://web.archive.org/web/20180209135059/https://access.redhat.com/security/cve/CVE-2018-6594"
    }
  },
  "timemap_uri": {
    "link_format": "https://memgator.cs.odu.edu/timemap/link/https://access.redhat.com/security/cve/CVE-2018-6594%0A",
    "json_format": "https://memgator.cs.odu.edu/timemap/json/https://access.redhat.com/security/cve/CVE-2018-6594%0A",
    "cdxj_format": "https://memgator.cs.odu.edu/timemap/cdxj/https://access.redhat.com/security/cve/CVE-2018-6594%0A"
  },
  "timegate_uri": "https://memgator.cs.odu.edu/timegate/https://access.redhat.com/security/cve/CVE-2018-6594%0A"
}
