{
  "original_uri": "https://github.com/pyca/cryptography/%0A",
  "self": "https://memgator.cs.odu.edu/timemap/json/https://github.com/pyca/cryptography/%0A",
  "mementos": {
    "list": [
      {
        "datetime": "2015-02-21T01:21:26Z",
        "uri": "http://web.archive.org/web/20150221012126/https://github.com/pyca/cryptography"
      },
      {
        "datetime": "2016-08-29T00:38:06Z",
        "uri": "http://web.archive.org/web/20160829003806/https://github.com/pyca/cryptography"
      },
      {
        "datetime": "2016-09-21T00:13:10Z",
        "uri": "http://web.archive.org/web/20160921001310/https://github.com/pyca/cryptography"
      },
      {
        "datetime": "2016-10-27T07:01:41Z",
        "uri": "http://web.archive.org/web/20161027070141/http://github.com/pyca/cryptography/"
      },
      {
        "datetime": "2017-02-23T00:51:43Z",
        "uri": "http://web.archive.org/web/20170223005143/https://github.com/pyca/cryptography"
      },
      {
        "datetime": "2017-03-16T07:23:03Z",
        "uri": "http://web.archive.org/web/20170316072303/https://github.com/pyca/cryptography"
      },
      {
        "datetime": "2017-03-17T06:10:49Z",
        "uri": "http://web.archive.org/web/20170317061049/https://github.com/pyca/cryptography"
      },
      {
        "datetime": "2017-07-17T08:41:42Z",
        "uri": "http://web.archive.org/web/20170717084142/https://github.com/pyca/cryptography/"
      },
      {
        "datetime": "2017-11-27T13:57:03Z",
        "uri": "http://web.archive.org/web/20171127135703/https://github.com/pyca/cryptography"
      },
      {
        "datetime": "2018-01-03T06:19:59Z",
        "uri": "http://web.archive.org/web/20180103061959/https://github.com/pyca/cryptography"
      },
      {
        "datetime": "2018-01-03T20:36:18Z",
        "uri": "http://web.archive.org/web/20180103203618/https://github.com/pyca/cryptography"
      },
      {
        "datetime": "2018-02-09T13:51:00Z",
        "uri": "http://web.archive.org/web/20180209135100/https://github.com/pyca/cryptography/"
      }
    ],
    "first": {
      "datetime": "2015-02-21T01:21:26Z",
      "uri": "http://web.archive.org/web/20150221012126/https://github.com/pyca/cryptography"
    },
    "last": {
      "datetime": "2018-02-09T13:51:00Z",
      "uri": "http://web.archive.org/web/20180209135100/https://github.com/pyca/cryptography/"
    }
  },
  "timemap_uri": {
    "link_format": "https://memgator.cs.odu.edu/timemap/link/https://github.com/pyca/cryptography/%0A",
    "json_format": "https://memgator.cs.odu.edu/timemap/json/https://github.com/pyca/cryptography/%0A",
    "cdxj_format": "https://memgator.cs.odu.edu/timemap/cdxj/https://github.com/pyca/cryptography/%0A"
  },
  "timegate_uri": "https://memgator.cs.odu.edu/timegate/https://github.com/pyca/cryptography/%0A"
}
