{
  "original_uri": "https://medium.com/@anthonypjshaw/5-speed-improvements-in-python-3-7-1b39d1581d86%0A",
  "self": "https://memgator.cs.odu.edu/timemap/json/https://medium.com/@anthonypjshaw/5-speed-improvements-in-python-3-7-1b39d1581d86%0A",
  "mementos": {
    "list": [
      {
        "datetime": "2018-02-13T03:16:02Z",
        "uri": "http://web.archive.org/web/20180213031602/https://medium.com/@anthonypjshaw/5-speed-improvements-in-python-3-7-1b39d1581d86"
      },
      {
        "datetime": "2018-02-13T03:16:02Z",
        "uri": "http://web.archive.org/web/20180213031602/https://medium.com/@anthonypjshaw/5-speed-improvements-in-python-3-7-1b39d1581d86"
      },
      {
        "datetime": "2018-02-13T03:31:07Z",
        "uri": "http://web.archive.org/web/20180213033107/https://medium.com/@anthonypjshaw/5-speed-improvements-in-python-3-7-1b39d1581d86"
      },
      {
        "datetime": "2018-02-13T03:31:07Z",
        "uri": "http://web.archive.org/web/20180213033107/https://medium.com/@anthonypjshaw/5-speed-improvements-in-python-3-7-1b39d1581d86"
      },
      {
        "datetime": "2018-02-13T03:46:08Z",
        "uri": "http://web.archive.org/web/20180213034608/https://medium.com/@anthonypjshaw/5-speed-improvements-in-python-3-7-1b39d1581d86"
      },
      {
        "datetime": "2018-02-13T03:46:08Z",
        "uri": "http://web.archive.org/web/20180213034608/https://medium.com/@anthonypjshaw/5-speed-improvements-in-python-3-7-1b39d1581d86"
      },
      {
        "datetime": "2018-02-13T04:01:27Z",
        "uri": "http://web.archive.org/web/20180213040127/https://medium.com/@anthonypjshaw/5-speed-improvements-in-python-3-7-1b39d1581d86"
      },
      {
        "datetime": "2018-02-13T04:01:27Z",
        "uri": "http://web.archive.org/web/20180213040127/https://medium.com/@anthonypjshaw/5-speed-improvements-in-python-3-7-1b39d1581d86"
      },
      {
        "datetime": "2018-02-13T04:16:50Z",
        "uri": "http://web.archive.org/web/20180213041650/https://medium.com/@anthonypjshaw/5-speed-improvements-in-python-3-7-1b39d1581d86"
      },
      {
        "datetime": "2018-02-13T04:16:50Z",
        "uri": "http://web.archive.org/web/20180213041650/https://medium.com/@anthonypjshaw/5-speed-improvements-in-python-3-7-1b39d1581d86"
      },
      {
        "datetime": "2018-02-13T04:32:24Z",
        "uri": "http://web.archive.org/web/20180213043224/https://medium.com/@anthonypjshaw/5-speed-improvements-in-python-3-7-1b39d1581d86"
      },
      {
        "datetime": "2018-02-13T04:32:24Z",
        "uri": "http://web.archive.org/web/20180213043224/https://medium.com/@anthonypjshaw/5-speed-improvements-in-python-3-7-1b39d1581d86"
      }
    ],
    "first": {
      "datetime": "2018-02-13T03:16:02Z",
      "uri": "http://web.archive.org/web/20180213031602/https://medium.com/@anthonypjshaw/5-speed-improvements-in-python-3-7-1b39d1581d86"
    },
    "last": {
      "datetime": "2018-02-13T04:32:24Z",
      "uri": "http://web.archive.org/web/20180213043224/https://medium.com/@anthonypjshaw/5-speed-improvements-in-python-3-7-1b39d1581d86"
    }
  },
  "timemap_uri": {
    "link_format": "https://memgator.cs.odu.edu/timemap/link/https://medium.com/@anthonypjshaw/5-speed-improvements-in-python-3-7-1b39d1581d86%0A",
    "json_format": "https://memgator.cs.odu.edu/timemap/json/https://medium.com/@anthonypjshaw/5-speed-improvements-in-python-3-7-1b39d1581d86%0A",
    "cdxj_format": "https://memgator.cs.odu.edu/timemap/cdxj/https://medium.com/@anthonypjshaw/5-speed-improvements-in-python-3-7-1b39d1581d86%0A"
  },
  "timegate_uri": "https://memgator.cs.odu.edu/timegate/https://medium.com/@anthonypjshaw/5-speed-improvements-in-python-3-7-1b39d1581d86%0A"
}
