{
  "original_uri": "https://dbader.org/python-sublime-cheatsheet%0A",
  "self": "https://memgator.cs.odu.edu/timemap/json/https://dbader.org/python-sublime-cheatsheet%0A",
  "mementos": {
    "list": [
      {
        "datetime": "2017-07-07T17:04:45Z",
        "uri": "http://web.archive.org/web/20170707170445/https://dbader.org/python-sublime-cheatsheet"
      }
    ],
    "first": {
      "datetime": "2017-07-07T17:04:45Z",
      "uri": "http://web.archive.org/web/20170707170445/https://dbader.org/python-sublime-cheatsheet"
    },
    "last": {
      "datetime": "2017-07-07T17:04:45Z",
      "uri": "http://web.archive.org/web/20170707170445/https://dbader.org/python-sublime-cheatsheet"
    }
  },
  "timemap_uri": {
    "link_format": "https://memgator.cs.odu.edu/timemap/link/https://dbader.org/python-sublime-cheatsheet%0A",
    "json_format": "https://memgator.cs.odu.edu/timemap/json/https://dbader.org/python-sublime-cheatsheet%0A",
    "cdxj_format": "https://memgator.cs.odu.edu/timemap/cdxj/https://dbader.org/python-sublime-cheatsheet%0A"
  },
  "timegate_uri": "https://memgator.cs.odu.edu/timegate/https://dbader.org/python-sublime-cheatsheet%0A"
}
