{
  "original_uri": "http://fedora.portingdb.xyz/%0A",
  "self": "https://memgator.cs.odu.edu/timemap/json/http://fedora.portingdb.xyz/%0A",
  "mementos": {
    "list": [
      {
        "datetime": "2015-12-23T01:22:23Z",
        "uri": "http://web.archive.org/web/20151223012223/http://fedora.portingdb.xyz:80/"
      },
      {
        "datetime": "2016-03-16T14:15:19Z",
        "uri": "http://web.archive.org/web/20160316141519/http://fedora.portingdb.xyz/"
      },
      {
        "datetime": "2016-05-21T04:32:10Z",
        "uri": "http://web.archive.org/web/20160521043210/http://fedora.portingdb.xyz:80/"
      },
      {
        "datetime": "2016-06-25T15:07:08Z",
        "uri": "http://web.archive.org/web/20160625150708/http://fedora.portingdb.xyz:80/"
      },
      {
        "datetime": "2016-07-27T22:06:28Z",
        "uri": "http://web.archive.org/web/20160727220628/http://fedora.portingdb.xyz:80/"
      },
      {
        "datetime": "2016-08-28T14:24:51Z",
        "uri": "http://web.archive.org/web/20160828142451/http://fedora.portingdb.xyz:80/"
      },
      {
        "datetime": "2016-10-01T01:07:18Z",
        "uri": "http://web.archive.org/web/20161001010718/http://fedora.portingdb.xyz:80/"
      },
      {
        "datetime": "2016-10-06T14:10:26Z",
        "uri": "http://web.archive.org/web/20161006141026/http://fedora.portingdb.xyz/"
      },
      {
        "datetime": "2016-10-27T21:22:17Z",
        "uri": "http://web.archive.org/web/20161027212217/http://fedora.portingdb.xyz/"
      },
      {
        "datetime": "2016-10-27T21:35:03Z",
        "uri": "http://web.archive.org/web/20161027213503/http://fedora.portingdb.xyz/"
      },
      {
        "datetime": "2016-11-04T20:47:43Z",
        "uri": "http://web.archive.org/web/20161104204743/http://fedora.portingdb.xyz:80/"
      },
      {
        "datetime": "2017-02-15T17:27:16Z",
        "uri": "http://web.archive.org/web/20170215172716/http://fedora.portingdb.xyz:80/"
      },
      {
        "datetime": "2017-07-05T17:14:40Z",
        "uri": "http://web.archive.org/web/20170705171440/http://fedora.portingdb.xyz:80/"
      },
      {
        "datetime": "2017-08-06T02:11:31Z",
        "uri": "http://web.archive.org/web/20170806021131/http://fedora.portingdb.xyz:80/"
      },
      {
        "datetime": "2017-08-18T14:57:37Z",
        "uri": "http://web.archive.org/web/20170818145737/http://fedora.portingdb.xyz/"
      },
      {
        "datetime": "2017-11-13T20:56:40Z",
        "uri": "http://web.archive.org/web/20171113205640/http://fedora.portingdb.xyz/"
      },
      {
        "datetime": "2018-01-06T23:43:14Z",
        "uri": "http://web.archive.org/web/20180106234314/http://fedora.portingdb.xyz/"
      },
      {
        "datetime": "2018-02-07T18:16:32Z",
        "uri": "http://web.archive.org/web/20180207181632/http://fedora.portingdb.xyz/"
      },
      {
        "datetime": "2018-02-07T18:31:55Z",
        "uri": "http://web.archive.org/web/20180207183155/http://fedora.portingdb.xyz/"
      }
    ],
    "first": {
      "datetime": "2015-12-23T01:22:23Z",
      "uri": "http://web.archive.org/web/20151223012223/http://fedora.portingdb.xyz:80/"
    },
    "last": {
      "datetime": "2018-02-07T18:31:55Z",
      "uri": "http://web.archive.org/web/20180207183155/http://fedora.portingdb.xyz/"
    }
  },
  "timemap_uri": {
    "link_format": "https://memgator.cs.odu.edu/timemap/link/http://fedora.portingdb.xyz/%0A",
    "json_format": "https://memgator.cs.odu.edu/timemap/json/http://fedora.portingdb.xyz/%0A",
    "cdxj_format": "https://memgator.cs.odu.edu/timemap/cdxj/http://fedora.portingdb.xyz/%0A"
  },
  "timegate_uri": "https://memgator.cs.odu.edu/timegate/http://fedora.portingdb.xyz/%0A"
}
