{
  "original_uri": "https://medium.com/applied-data-science/how-to-build-your-own-alphazero-ai-using-python-and-keras-7f664945c188%0A",
  "self": "https://memgator.cs.odu.edu/timemap/json/https://medium.com/applied-data-science/how-to-build-your-own-alphazero-ai-using-python-and-keras-7f664945c188%0A",
  "mementos": {
    "list": [
      {
        "datetime": "2018-01-26T21:55:44Z",
        "uri": "http://web.archive.org/web/20180126215544/https://medium.com/applied-data-science/how-to-build-your-own-alphazero-ai-using-python-and-keras-7f664945c188"
      },
      {
        "datetime": "2018-01-26T23:52:18Z",
        "uri": "http://web.archive.org/web/20180126235218/https://medium.com/applied-data-science/how-to-build-your-own-alphazero-ai-using-python-and-keras-7f664945c188"
      },
      {
        "datetime": "2018-01-27T01:16:28Z",
        "uri": "http://web.archive.org/web/20180127011628/https://medium.com/applied-data-science/how-to-build-your-own-alphazero-ai-using-python-and-keras-7f664945c188"
      },
      {
        "datetime": "2018-01-27T05:47:33Z",
        "uri": "http://web.archive.org/web/20180127054733/https://medium.com/applied-data-science/how-to-build-your-own-alphazero-ai-using-python-and-keras-7f664945c188"
      },
      {
        "datetime": "2018-01-27T07:43:07Z",
        "uri": "http://web.archive.org/web/20180127074307/https://medium.com/applied-data-science/how-to-build-your-own-alphazero-ai-using-python-and-keras-7f664945c188"
      },
      {
        "datetime": "2018-01-27T09:36:33Z",
        "uri": "http://web.archive.org/web/20180127093633/https://medium.com/applied-data-science/how-to-build-your-own-alphazero-ai-using-python-and-keras-7f664945c188"
      },
      {
        "datetime": "2018-01-27T11:17:16Z",
        "uri": "http://web.archive.org/web/20180127111716/https://medium.com/applied-data-science/how-to-build-your-own-alphazero-ai-using-python-and-keras-7f664945c188"
      },
      {
        "datetime": "2018-01-28T09:43:06Z",
        "uri": "http://web.archive.org/web/20180128094306/https://medium.com/applied-data-science/how-to-build-your-own-alphazero-ai-using-python-and-keras-7f664945c188"
      },
      {
        "datetime": "2018-01-28T09:46:15Z",
        "uri": "http://web.archive.org/web/20180128094615/https://medium.com/applied-data-science/how-to-build-your-own-alphazero-ai-using-python-and-keras-7f664945c188"
      },
      {
        "datetime": "2018-01-28T10:01:14Z",
        "uri": "http://web.archive.org/web/20180128100114/https://medium.com/applied-data-science/how-to-build-your-own-alphazero-ai-using-python-and-keras-7f664945c188"
      },
      {
        "datetime": "2018-01-28T10:16:23Z",
        "uri": "http://web.archive.org/web/20180128101623/https://medium.com/applied-data-science/how-to-build-your-own-alphazero-ai-using-python-and-keras-7f664945c188"
      },
      {
        "datetime": "2018-01-28T10:31:21Z",
        "uri": "http://web.archive.org/web/20180128103121/https://medium.com/applied-data-science/how-to-build-your-own-alphazero-ai-using-python-and-keras-7f664945c188"
      },
      {
        "datetime": "2018-01-28T10:46:43Z",
        "uri": "http://web.archive.org/web/20180128104643/https://medium.com/applied-data-science/how-to-build-your-own-alphazero-ai-using-python-and-keras-7f664945c188"
      },
      {
        "datetime": "2018-01-28T11:02:06Z",
        "uri": "http://web.archive.org/web/20180128110206/https://medium.com/applied-data-science/how-to-build-your-own-alphazero-ai-using-python-and-keras-7f664945c188"
      },
      {
        "datetime": "2018-02-04T01:32:20Z",
        "uri": "http://web.archive.org/web/20180204013220/https://medium.com/applied-data-science/how-to-build-your-own-alphazero-ai-using-python-and-keras-7f664945c188"
      },
      {
        "datetime": "2018-02-04T18:45:08Z",
        "uri": "http://web.archive.org/web/20180204184508/https://medium.com/applied-data-science/how-to-build-your-own-alphazero-ai-using-python-and-keras-7f664945c188"
      }
    ],
    "first": {
      "datetime": "2018-01-26T21:55:44Z",
      "uri": "http://web.archive.org/web/20180126215544/https://medium.com/applied-data-science/how-to-build-your-own-alphazero-ai-using-python-and-keras-7f664945c188"
    },
    "last": {
      "datetime": "2018-02-04T18:45:08Z",
      "uri": "http://web.archive.org/web/20180204184508/https://medium.com/applied-data-science/how-to-build-your-own-alphazero-ai-using-python-and-keras-7f664945c188"
    }
  },
  "timemap_uri": {
    "link_format": "https://memgator.cs.odu.edu/timemap/link/https://medium.com/applied-data-science/how-to-build-your-own-alphazero-ai-using-python-and-keras-7f664945c188%0A",
    "json_format": "https://memgator.cs.odu.edu/timemap/json/https://medium.com/applied-data-science/how-to-build-your-own-alphazero-ai-using-python-and-keras-7f664945c188%0A",
    "cdxj_format": "https://memgator.cs.odu.edu/timemap/cdxj/https://medium.com/applied-data-science/how-to-build-your-own-alphazero-ai-using-python-and-keras-7f664945c188%0A"
  },
  "timegate_uri": "https://memgator.cs.odu.edu/timegate/https://medium.com/applied-data-science/how-to-build-your-own-alphazero-ai-using-python-and-keras-7f664945c188%0A"
}
