{
  "original_uri": "http://pythonmachinelearning.pro/supervised-learning-using-decision-trees-to-classify-data/%0A",
  "self": "https://memgator.cs.odu.edu/timemap/json/http://pythonmachinelearning.pro/supervised-learning-using-decision-trees-to-classify-data/%0A",
  "mementos": {
    "list": [
      {
        "datetime": "2017-11-29T08:16:27Z",
        "uri": "http://web.archive.org/web/20171129081627/https://pythonmachinelearning.pro/supervised-learning-using-decision-trees-to-classify-data/"
      },
      {
        "datetime": "2017-11-29T08:31:45Z",
        "uri": "http://web.archive.org/web/20171129083145/https://pythonmachinelearning.pro/supervised-learning-using-decision-trees-to-classify-data/"
      },
      {
        "datetime": "2017-11-29T08:47:07Z",
        "uri": "http://web.archive.org/web/20171129084707/https://pythonmachinelearning.pro/supervised-learning-using-decision-trees-to-classify-data/"
      },
      {
        "datetime": "2017-11-29T09:02:28Z",
        "uri": "http://web.archive.org/web/20171129090228/https://pythonmachinelearning.pro/supervised-learning-using-decision-trees-to-classify-data/"
      }
    ],
    "first": {
      "datetime": "2017-11-29T08:16:27Z",
      "uri": "http://web.archive.org/web/20171129081627/https://pythonmachinelearning.pro/supervised-learning-using-decision-trees-to-classify-data/"
    },
    "last": {
      "datetime": "2017-11-29T09:02:28Z",
      "uri": "http://web.archive.org/web/20171129090228/https://pythonmachinelearning.pro/supervised-learning-using-decision-trees-to-classify-data/"
    }
  },
  "timemap_uri": {
    "link_format": "https://memgator.cs.odu.edu/timemap/link/http://pythonmachinelearning.pro/supervised-learning-using-decision-trees-to-classify-data/%0A",
    "json_format": "https://memgator.cs.odu.edu/timemap/json/http://pythonmachinelearning.pro/supervised-learning-using-decision-trees-to-classify-data/%0A",
    "cdxj_format": "https://memgator.cs.odu.edu/timemap/cdxj/http://pythonmachinelearning.pro/supervised-learning-using-decision-trees-to-classify-data/%0A"
  },
  "timegate_uri": "https://memgator.cs.odu.edu/timegate/http://pythonmachinelearning.pro/supervised-learning-using-decision-trees-to-classify-data/%0A"
}
