{
  "original_uri": "https://metarabbit.wordpress.com/2018/02/05/pythons-weak-performance-matters/%0A",
  "self": "https://memgator.cs.odu.edu/timemap/json/https://metarabbit.wordpress.com/2018/02/05/pythons-weak-performance-matters/%0A",
  "mementos": {
    "list": [
      {
        "datetime": "2018-02-07T04:46:02Z",
        "uri": "http://web.archive.org/web/20180207044602/https://metarabbit.wordpress.com/2018/02/05/pythons-weak-performance-matters/"
      },
      {
        "datetime": "2018-02-07T05:01:13Z",
        "uri": "http://web.archive.org/web/20180207050113/https://metarabbit.wordpress.com/2018/02/05/pythons-weak-performance-matters/"
      },
      {
        "datetime": "2018-02-07T05:15:39Z",
        "uri": "http://web.archive.org/web/20180207051539/https://metarabbit.wordpress.com/2018/02/05/pythons-weak-performance-matters/"
      },
      {
        "datetime": "2018-02-07T05:30:16Z",
        "uri": "http://web.archive.org/web/20180207053016/https://metarabbit.wordpress.com/2018/02/05/pythons-weak-performance-matters/"
      },
      {
        "datetime": "2018-02-07T05:45:11Z",
        "uri": "http://web.archive.org/web/20180207054511/https://metarabbit.wordpress.com/2018/02/05/pythons-weak-performance-matters/"
      },
      {
        "datetime": "2018-02-07T06:00:17Z",
        "uri": "http://web.archive.org/web/20180207060017/https://metarabbit.wordpress.com/2018/02/05/pythons-weak-performance-matters/"
      },
      {
        "datetime": "2018-02-07T06:15:14Z",
        "uri": "http://web.archive.org/web/20180207061514/https://metarabbit.wordpress.com/2018/02/05/pythons-weak-performance-matters/"
      },
      {
        "datetime": "2018-02-07T06:30:53Z",
        "uri": "http://web.archive.org/web/20180207063053/https://metarabbit.wordpress.com/2018/02/05/pythons-weak-performance-matters/"
      },
      {
        "datetime": "2018-02-07T06:45:14Z",
        "uri": "http://web.archive.org/web/20180207064514/https://metarabbit.wordpress.com/2018/02/05/pythons-weak-performance-matters/"
      },
      {
        "datetime": "2018-02-07T07:00:24Z",
        "uri": "http://web.archive.org/web/20180207070024/https://metarabbit.wordpress.com/2018/02/05/pythons-weak-performance-matters/"
      },
      {
        "datetime": "2018-02-07T07:15:53Z",
        "uri": "http://web.archive.org/web/20180207071553/https://metarabbit.wordpress.com/2018/02/05/pythons-weak-performance-matters/"
      },
      {
        "datetime": "2018-02-07T07:22:30Z",
        "uri": "http://web.archive.org/web/20180207072230/https://metarabbit.wordpress.com/2018/02/05/pythons-weak-performance-matters/"
      },
      {
        "datetime": "2018-02-07T07:30:48Z",
        "uri": "http://web.archive.org/web/20180207073048/https://metarabbit.wordpress.com/2018/02/05/pythons-weak-performance-matters/"
      },
      {
        "datetime": "2018-02-07T07:45:33Z",
        "uri": "http://web.archive.org/web/20180207074533/https://metarabbit.wordpress.com/2018/02/05/pythons-weak-performance-matters/"
      },
      {
        "datetime": "2018-02-07T08:01:11Z",
        "uri": "http://web.archive.org/web/20180207080111/https://metarabbit.wordpress.com/2018/02/05/pythons-weak-performance-matters/"
      },
      {
        "datetime": "2018-02-07T08:15:19Z",
        "uri": "http://web.archive.org/web/20180207081519/https://metarabbit.wordpress.com/2018/02/05/pythons-weak-performance-matters/"
      },
      {
        "datetime": "2018-02-07T08:30:25Z",
        "uri": "http://web.archive.org/web/20180207083025/https://metarabbit.wordpress.com/2018/02/05/pythons-weak-performance-matters/"
      },
      {
        "datetime": "2018-02-07T08:45:20Z",
        "uri": "http://web.archive.org/web/20180207084520/https://metarabbit.wordpress.com/2018/02/05/pythons-weak-performance-matters/"
      },
      {
        "datetime": "2018-02-07T09:00:22Z",
        "uri": "http://web.archive.org/web/20180207090022/https://metarabbit.wordpress.com/2018/02/05/pythons-weak-performance-matters/"
      },
      {
        "datetime": "2018-02-07T09:15:27Z",
        "uri": "http://web.archive.org/web/20180207091527/https://metarabbit.wordpress.com/2018/02/05/pythons-weak-performance-matters/"
      },
      {
        "datetime": "2018-02-07T09:30:29Z",
        "uri": "http://web.archive.org/web/20180207093029/https://metarabbit.wordpress.com/2018/02/05/pythons-weak-performance-matters/"
      },
      {
        "datetime": "2018-02-07T09:45:29Z",
        "uri": "http://web.archive.org/web/20180207094529/https://metarabbit.wordpress.com/2018/02/05/pythons-weak-performance-matters/"
      },
      {
        "datetime": "2018-02-07T10:00:31Z",
        "uri": "http://web.archive.org/web/20180207100031/https://metarabbit.wordpress.com/2018/02/05/pythons-weak-performance-matters/"
      },
      {
        "datetime": "2018-02-07T10:15:49Z",
        "uri": "http://web.archive.org/web/20180207101549/https://metarabbit.wordpress.com/2018/02/05/pythons-weak-performance-matters/"
      },
      {
        "datetime": "2018-02-07T10:37:45Z",
        "uri": "http://web.archive.org/web/20180207103745/https://metarabbit.wordpress.com/2018/02/05/pythons-weak-performance-matters/"
      },
      {
        "datetime": "2018-02-07T11:14:43Z",
        "uri": "http://web.archive.org/web/20180207111443/https://metarabbit.wordpress.com/2018/02/05/pythons-weak-performance-matters/"
      },
      {
        "datetime": "2018-02-07T11:14:43Z",
        "uri": "http://web.archive.org/web/20180207111443/https://metarabbit.wordpress.com/2018/02/05/pythons-weak-performance-matters/"
      },
      {
        "datetime": "2018-02-07T11:30:36Z",
        "uri": "http://web.archive.org/web/20180207113036/https://metarabbit.wordpress.com/2018/02/05/pythons-weak-performance-matters/"
      },
      {
        "datetime": "2018-02-07T11:45:51Z",
        "uri": "http://web.archive.org/web/20180207114551/https://metarabbit.wordpress.com/2018/02/05/pythons-weak-performance-matters/"
      },
      {
        "datetime": "2018-02-07T11:56:48Z",
        "uri": "http://web.archive.org/web/20180207115648/https://metarabbit.wordpress.com/2018/02/05/pythons-weak-performance-matters/"
      },
      {
        "datetime": "2018-02-07T12:01:03Z",
        "uri": "http://web.archive.org/web/20180207120103/https://metarabbit.wordpress.com/2018/02/05/pythons-weak-performance-matters/"
      },
      {
        "datetime": "2018-02-07T12:15:42Z",
        "uri": "http://web.archive.org/web/20180207121542/https://metarabbit.wordpress.com/2018/02/05/pythons-weak-performance-matters/"
      },
      {
        "datetime": "2018-02-07T12:31:02Z",
        "uri": "http://web.archive.org/web/20180207123102/https://metarabbit.wordpress.com/2018/02/05/pythons-weak-performance-matters/"
      },
      {
        "datetime": "2018-02-07T12:45:50Z",
        "uri": "http://web.archive.org/web/20180207124550/https://metarabbit.wordpress.com/2018/02/05/pythons-weak-performance-matters/"
      },
      {
        "datetime": "2018-02-07T13:00:46Z",
        "uri": "http://web.archive.org/web/20180207130046/https://metarabbit.wordpress.com/2018/02/05/pythons-weak-performance-matters/"
      },
      {
        "datetime": "2018-02-07T13:15:44Z",
        "uri": "http://web.archive.org/web/20180207131544/https://metarabbit.wordpress.com/2018/02/05/pythons-weak-performance-matters/"
      },
      {
        "datetime": "2018-02-07T13:30:35Z",
        "uri": "http://web.archive.org/web/20180207133035/https://metarabbit.wordpress.com/2018/02/05/pythons-weak-performance-matters/"
      },
      {
        "datetime": "2018-02-07T13:45:36Z",
        "uri": "http://web.archive.org/web/20180207134536/https://metarabbit.wordpress.com/2018/02/05/pythons-weak-performance-matters/"
      },
      {
        "datetime": "2018-02-07T14:00:45Z",
        "uri": "http://web.archive.org/web/20180207140045/https://metarabbit.wordpress.com/2018/02/05/pythons-weak-performance-matters/"
      },
      {
        "datetime": "2018-02-07T14:15:43Z",
        "uri": "http://web.archive.org/web/20180207141543/https://metarabbit.wordpress.com/2018/02/05/pythons-weak-performance-matters/"
      },
      {
        "datetime": "2018-02-07T14:30:45Z",
        "uri": "http://web.archive.org/web/20180207143045/https://metarabbit.wordpress.com/2018/02/05/pythons-weak-performance-matters/"
      },
      {
        "datetime": "2018-02-07T14:45:39Z",
        "uri": "http://web.archive.org/web/20180207144539/https://metarabbit.wordpress.com/2018/02/05/pythons-weak-performance-matters/"
      },
      {
        "datetime": "2018-02-07T15:00:51Z",
        "uri": "http://web.archive.org/web/20180207150051/https://metarabbit.wordpress.com/2018/02/05/pythons-weak-performance-matters/"
      },
      {
        "datetime": "2018-02-07T15:09:11Z",
        "uri": "http://web.archive.org/web/20180207150911/https://metarabbit.wordpress.com/2018/02/05/pythons-weak-performance-matters/"
      },
      {
        "datetime": "2018-02-07T15:15:49Z",
        "uri": "http://web.archive.org/web/20180207151549/https://metarabbit.wordpress.com/2018/02/05/pythons-weak-performance-matters/"
      },
      {
        "datetime": "2018-02-07T15:30:57Z",
        "uri": "http://web.archive.org/web/20180207153057/https://metarabbit.wordpress.com/2018/02/05/pythons-weak-performance-matters/"
      },
      {
        "datetime": "2018-02-07T15:46:17Z",
        "uri": "http://web.archive.org/web/20180207154617/https://metarabbit.wordpress.com/2018/02/05/pythons-weak-performance-matters/"
      },
      {
        "datetime": "2018-02-07T16:00:59Z",
        "uri": "http://web.archive.org/web/20180207160059/https://metarabbit.wordpress.com/2018/02/05/pythons-weak-performance-matters/"
      },
      {
        "datetime": "2018-02-07T16:15:55Z",
        "uri": "http://web.archive.org/web/20180207161555/https://metarabbit.wordpress.com/2018/02/05/pythons-weak-performance-matters/"
      },
      {
        "datetime": "2018-02-07T16:31:02Z",
        "uri": "http://web.archive.org/web/20180207163102/https://metarabbit.wordpress.com/2018/02/05/pythons-weak-performance-matters/"
      },
      {
        "datetime": "2018-02-07T16:46:21Z",
        "uri": "http://web.archive.org/web/20180207164621/https://metarabbit.wordpress.com/2018/02/05/pythons-weak-performance-matters/"
      },
      {
        "datetime": "2018-02-07T17:31:21Z",
        "uri": "http://web.archive.org/web/20180207173121/https://metarabbit.wordpress.com/2018/02/05/pythons-weak-performance-matters/"
      },
      {
        "datetime": "2018-02-10T17:05:24Z",
        "uri": "http://web.archive.org/web/20180210170524/https://metarabbit.wordpress.com/2018/02/05/pythons-weak-performance-matters/"
      }
    ],
    "first": {
      "datetime": "2018-02-07T04:46:02Z",
      "uri": "http://web.archive.org/web/20180207044602/https://metarabbit.wordpress.com/2018/02/05/pythons-weak-performance-matters/"
    },
    "last": {
      "datetime": "2018-02-10T17:05:24Z",
      "uri": "http://web.archive.org/web/20180210170524/https://metarabbit.wordpress.com/2018/02/05/pythons-weak-performance-matters/"
    }
  },
  "timemap_uri": {
    "link_format": "https://memgator.cs.odu.edu/timemap/link/https://metarabbit.wordpress.com/2018/02/05/pythons-weak-performance-matters/%0A",
    "json_format": "https://memgator.cs.odu.edu/timemap/json/https://metarabbit.wordpress.com/2018/02/05/pythons-weak-performance-matters/%0A",
    "cdxj_format": "https://memgator.cs.odu.edu/timemap/cdxj/https://metarabbit.wordpress.com/2018/02/05/pythons-weak-performance-matters/%0A"
  },
  "timegate_uri": "https://memgator.cs.odu.edu/timegate/https://metarabbit.wordpress.com/2018/02/05/pythons-weak-performance-matters/%0A"
}
