{
  "original_uri": "https://kanoki.org/2017/05/14/first-blog-post/%0A",
  "self": "https://memgator.cs.odu.edu/timemap/json/https://kanoki.org/2017/05/14/first-blog-post/%0A",
  "mementos": {
    "list": [
      {
        "datetime": "2017-07-09T02:31:27Z",
        "uri": "http://web.archive.org/web/20170709023127/http://kanoki.org/2017/05/14/first-blog-post/"
      },
      {
        "datetime": "2017-07-09T02:41:42Z",
        "uri": "http://web.archive.org/web/20170709024142/http://kanoki.org/2017/05/14/first-blog-post/"
      },
      {
        "datetime": "2017-07-09T03:01:50Z",
        "uri": "http://web.archive.org/web/20170709030150/http://kanoki.org/2017/05/14/first-blog-post/"
      },
      {
        "datetime": "2017-07-09T03:21:51Z",
        "uri": "http://web.archive.org/web/20170709032151/http://kanoki.org/2017/05/14/first-blog-post/"
      },
      {
        "datetime": "2017-07-09T03:32:02Z",
        "uri": "http://web.archive.org/web/20170709033202/http://kanoki.org/2017/05/14/first-blog-post/"
      },
      {
        "datetime": "2017-07-09T03:52:06Z",
        "uri": "http://web.archive.org/web/20170709035206/http://kanoki.org/2017/05/14/first-blog-post/"
      },
      {
        "datetime": "2017-07-09T04:02:14Z",
        "uri": "http://web.archive.org/web/20170709040214/http://kanoki.org/2017/05/14/first-blog-post/"
      },
      {
        "datetime": "2017-07-09T04:22:22Z",
        "uri": "http://web.archive.org/web/20170709042222/http://kanoki.org/2017/05/14/first-blog-post/"
      },
      {
        "datetime": "2017-07-09T04:32:52Z",
        "uri": "http://web.archive.org/web/20170709043252/http://kanoki.org/2017/05/14/first-blog-post/"
      },
      {
        "datetime": "2017-07-09T11:10:05Z",
        "uri": "http://web.archive.org/web/20170709111005/http://kanoki.org/2017/05/14/first-blog-post/"
      },
      {
        "datetime": "2017-07-14T22:52:52Z",
        "uri": "http://web.archive.org/web/20170714225252/http://kanoki.org/2017/05/14/first-blog-post/"
      },
      {
        "datetime": "2017-07-16T09:18:05Z",
        "uri": "http://web.archive.org/web/20170716091805/http://kanoki.org:80/2017/05/14/first-blog-post/"
      },
      {
        "datetime": "2017-07-18T23:50:49Z",
        "uri": "http://web.archive.org/web/20170718235049/http://kanoki.org:80/2017/05/14/first-blog-post/?"
      },
      {
        "datetime": "2017-07-21T20:47:19Z",
        "uri": "http://web.archive.org/web/20170721204719/http://kanoki.org:80/2017/05/14/first-blog-post/"
      },
      {
        "datetime": "2017-07-21T20:47:19Z",
        "uri": "http://web.archive.org/web/20170721204719/http://kanoki.org:80/2017/05/14/first-blog-post"
      },
      {
        "datetime": "2017-08-04T10:44:20Z",
        "uri": "http://web.archive.org/web/20170804104420/http://kanoki.org:80/2017/05/14/first-blog-post/"
      },
      {
        "datetime": "2017-08-04T10:44:20Z",
        "uri": "http://web.archive.org/web/20170804104420/http://kanoki.org:80/2017/05/14/first-blog-post"
      },
      {
        "datetime": "2018-01-30T16:38:04Z",
        "uri": "http://web.archive.org/web/20180130163804/http://kanoki.org/2017/05/14/first-blog-post/"
      },
      {
        "datetime": "2018-01-30T20:28:28Z",
        "uri": "http://web.archive.org/web/20180130202828/https://kanoki.org/2017/05/14/first-blog-post/"
      }
    ],
    "first": {
      "datetime": "2017-07-09T02:31:27Z",
      "uri": "http://web.archive.org/web/20170709023127/http://kanoki.org/2017/05/14/first-blog-post/"
    },
    "last": {
      "datetime": "2018-01-30T20:28:28Z",
      "uri": "http://web.archive.org/web/20180130202828/https://kanoki.org/2017/05/14/first-blog-post/"
    }
  },
  "timemap_uri": {
    "link_format": "https://memgator.cs.odu.edu/timemap/link/https://kanoki.org/2017/05/14/first-blog-post/%0A",
    "json_format": "https://memgator.cs.odu.edu/timemap/json/https://kanoki.org/2017/05/14/first-blog-post/%0A",
    "cdxj_format": "https://memgator.cs.odu.edu/timemap/cdxj/https://kanoki.org/2017/05/14/first-blog-post/%0A"
  },
  "timegate_uri": "https://memgator.cs.odu.edu/timegate/https://kanoki.org/2017/05/14/first-blog-post/%0A"
}
