{
  "original_uri": "http://workaholic99.blog.fc2.com/blog-entry-1.html%0A",
  "self": "https://memgator.cs.odu.edu/timemap/json/http://workaholic99.blog.fc2.com/blog-entry-1.html%0A",
  "mementos": {
    "list": [
      {
        "datetime": "2018-02-08T23:39:14Z",
        "uri": "http://web.archive.org/web/20180208233914/http://workaholic99.blog.fc2.com/blog-entry-1.html"
      }
    ],
    "first": {
      "datetime": "2018-02-08T23:39:14Z",
      "uri": "http://web.archive.org/web/20180208233914/http://workaholic99.blog.fc2.com/blog-entry-1.html"
    },
    "last": {
      "datetime": "2018-02-08T23:39:14Z",
      "uri": "http://web.archive.org/web/20180208233914/http://workaholic99.blog.fc2.com/blog-entry-1.html"
    }
  },
  "timemap_uri": {
    "link_format": "https://memgator.cs.odu.edu/timemap/link/http://workaholic99.blog.fc2.com/blog-entry-1.html%0A",
    "json_format": "https://memgator.cs.odu.edu/timemap/json/http://workaholic99.blog.fc2.com/blog-entry-1.html%0A",
    "cdxj_format": "https://memgator.cs.odu.edu/timemap/cdxj/http://workaholic99.blog.fc2.com/blog-entry-1.html%0A"
  },
  "timegate_uri": "https://memgator.cs.odu.edu/timegate/http://workaholic99.blog.fc2.com/blog-entry-1.html%0A"
}
