{
  "original_uri": "https://pypi.python.org/pypi/pdfplumber%0A",
  "self": "https://memgator.cs.odu.edu/timemap/json/https://pypi.python.org/pypi/pdfplumber%0A",
  "mementos": {
    "list": [
      {
        "datetime": "2018-02-09T20:33:51Z",
        "uri": "http://web.archive.org/web/20180209203351/https://pypi.python.org/pypi/pdfplumber"
      },
      {
        "datetime": "2018-02-09T20:44:34Z",
        "uri": "http://web.archive.org/web/20180209204434/https://pypi.python.org/pypi/pdfplumber"
      },
      {
        "datetime": "2018-02-10T02:09:09Z",
        "uri": "http://web.archive.org/web/20180210020909/https://pypi.python.org/pypi/pdfplumber"
      }
    ],
    "first": {
      "datetime": "2018-02-09T20:33:51Z",
      "uri": "http://web.archive.org/web/20180209203351/https://pypi.python.org/pypi/pdfplumber"
    },
    "last": {
      "datetime": "2018-02-10T02:09:09Z",
      "uri": "http://web.archive.org/web/20180210020909/https://pypi.python.org/pypi/pdfplumber"
    }
  },
  "timemap_uri": {
    "link_format": "https://memgator.cs.odu.edu/timemap/link/https://pypi.python.org/pypi/pdfplumber%0A",
    "json_format": "https://memgator.cs.odu.edu/timemap/json/https://pypi.python.org/pypi/pdfplumber%0A",
    "cdxj_format": "https://memgator.cs.odu.edu/timemap/cdxj/https://pypi.python.org/pypi/pdfplumber%0A"
  },
  "timegate_uri": "https://memgator.cs.odu.edu/timegate/https://pypi.python.org/pypi/pdfplumber%0A"
}
