{
  "original_uri": "https://wiki.musl-libc.org/faq.html",
  "self": "https://memgator.cs.odu.edu/timemap/json/https://wiki.musl-libc.org/faq.html",
  "mementos": {
    "list": [
      {
        "datetime": "2017-11-25T12:11:53Z",
        "uri": "http://web.archive.org/web/20171125121153/https://wiki.musl-libc.org/faq.html"
      },
      {
        "datetime": "2017-12-23T23:06:58Z",
        "uri": "http://web.archive.org/web/20171223230658/https://wiki.musl-libc.org/faq.html"
      },
      {
        "datetime": "2017-12-28T15:09:29Z",
        "uri": "http://web.archive.org/web/20171228150929/https://wiki.musl-libc.org/faq.html"
      }
    ],
    "first": {
      "datetime": "2017-11-25T12:11:53Z",
      "uri": "http://web.archive.org/web/20171125121153/https://wiki.musl-libc.org/faq.html"
    },
    "last": {
      "datetime": "2017-12-28T15:09:29Z",
      "uri": "http://web.archive.org/web/20171228150929/https://wiki.musl-libc.org/faq.html"
    }
  },
  "timemap_uri": {
    "link_format": "https://memgator.cs.odu.edu/timemap/link/https://wiki.musl-libc.org/faq.html",
    "json_format": "https://memgator.cs.odu.edu/timemap/json/https://wiki.musl-libc.org/faq.html",
    "cdxj_format": "https://memgator.cs.odu.edu/timemap/cdxj/https://wiki.musl-libc.org/faq.html"
  },
  "timegate_uri": "https://memgator.cs.odu.edu/timegate/https://wiki.musl-libc.org/faq.html"
}
