{
  "original_uri": "https://goo.gl/YjjTZ5%0A",
  "self": "https://memgator.cs.odu.edu/timemap/json/https://goo.gl/YjjTZ5%0A",
  "mementos": {
    "list": [
      {
        "datetime": "2017-09-06T00:10:35Z",
        "uri": "http://web.archive.org/web/20170906001035/https://goo.gl/YjjTZ5"
      }
    ],
    "first": {
      "datetime": "2017-09-06T00:10:35Z",
      "uri": "http://web.archive.org/web/20170906001035/https://goo.gl/YjjTZ5"
    },
    "last": {
      "datetime": "2017-09-06T00:10:35Z",
      "uri": "http://web.archive.org/web/20170906001035/https://goo.gl/YjjTZ5"
    }
  },
  "timemap_uri": {
    "link_format": "https://memgator.cs.odu.edu/timemap/link/https://goo.gl/YjjTZ5%0A",
    "json_format": "https://memgator.cs.odu.edu/timemap/json/https://goo.gl/YjjTZ5%0A",
    "cdxj_format": "https://memgator.cs.odu.edu/timemap/cdxj/https://goo.gl/YjjTZ5%0A"
  },
  "timegate_uri": "https://memgator.cs.odu.edu/timegate/https://goo.gl/YjjTZ5%0A"
}
