{
  "original_uri": "http://zpy.io/98ab6712%0A",
  "self": "https://memgator.cs.odu.edu/timemap/json/http://zpy.io/98ab6712%0A",
  "mementos": {
    "list": [
      {
        "datetime": "2018-01-24T05:56:22Z",
        "uri": "http://web.archive.org/web/20180124055622/http://zpy.io/98ab6712"
      }
    ],
    "first": {
      "datetime": "2018-01-24T05:56:22Z",
      "uri": "http://web.archive.org/web/20180124055622/http://zpy.io/98ab6712"
    },
    "last": {
      "datetime": "2018-01-24T05:56:22Z",
      "uri": "http://web.archive.org/web/20180124055622/http://zpy.io/98ab6712"
    }
  },
  "timemap_uri": {
    "link_format": "https://memgator.cs.odu.edu/timemap/link/http://zpy.io/98ab6712%0A",
    "json_format": "https://memgator.cs.odu.edu/timemap/json/http://zpy.io/98ab6712%0A",
    "cdxj_format": "https://memgator.cs.odu.edu/timemap/cdxj/http://zpy.io/98ab6712%0A"
  },
  "timegate_uri": "https://memgator.cs.odu.edu/timegate/http://zpy.io/98ab6712%0A"
}
