{
  "original_uri": "https://www.reddit.com/r/Python/comments/7wwwm5/5_speed_improvements_in_python_37/%0A",
  "self": "https://memgator.cs.odu.edu/timemap/json/https://www.reddit.com/r/Python/comments/7wwwm5/5_speed_improvements_in_python_37/%0A",
  "mementos": {
    "list": [
      {
        "datetime": "2018-02-13T14:34:58Z",
        "uri": "http://web.archive.org/web/20180213143458/https://www.reddit.com/r/Python/comments/7wwwm5/5_speed_improvements_in_python_37/"
      },
      {
        "datetime": "2018-02-13T14:34:58Z",
        "uri": "http://web.archive.org/web/20180213143458/https://reddit.com/r/Python/comments/7wwwm5/5_speed_improvements_in_python_37/"
      }
    ],
    "first": {
      "datetime": "2018-02-13T14:34:58Z",
      "uri": "http://web.archive.org/web/20180213143458/https://www.reddit.com/r/Python/comments/7wwwm5/5_speed_improvements_in_python_37/"
    },
    "last": {
      "datetime": "2018-02-13T14:34:58Z",
      "uri": "http://web.archive.org/web/20180213143458/https://reddit.com/r/Python/comments/7wwwm5/5_speed_improvements_in_python_37/"
    }
  },
  "timemap_uri": {
    "link_format": "https://memgator.cs.odu.edu/timemap/link/https://www.reddit.com/r/Python/comments/7wwwm5/5_speed_improvements_in_python_37/%0A",
    "json_format": "https://memgator.cs.odu.edu/timemap/json/https://www.reddit.com/r/Python/comments/7wwwm5/5_speed_improvements_in_python_37/%0A",
    "cdxj_format": "https://memgator.cs.odu.edu/timemap/cdxj/https://www.reddit.com/r/Python/comments/7wwwm5/5_speed_improvements_in_python_37/%0A"
  },
  "timegate_uri": "https://memgator.cs.odu.edu/timegate/https://www.reddit.com/r/Python/comments/7wwwm5/5_speed_improvements_in_python_37/%0A"
}
