{
  "original_uri": "http://radio7.pro-fhi.net/flux-panoramix/stream%0A",
  "self": "https://memgator.cs.odu.edu/timemap/json/http://radio7.pro-fhi.net/flux-panoramix/stream%0A",
  "mementos": {
    "list": [
      {
        "datetime": "2018-02-10T15:54:08Z",
        "uri": "http://web.archive.org/web/20180210155408/http://radio7.pro-fhi.net/flux-panoramix/stream"
      },
      {
        "datetime": "2018-02-10T15:54:11Z",
        "uri": "http://web.archive.org/web/20180210155411/http://radio7.pro-fhi.net/flux-panoramix/stream"
      },
      {
        "datetime": "2018-02-10T15:56:14Z",
        "uri": "http://web.archive.org/web/20180210155614/http://radio7.pro-fhi.net/flux-panoramix/stream"
      },
      {
        "datetime": "2018-02-10T15:56:42Z",
        "uri": "http://web.archive.org/web/20180210155642/http://radio7.pro-fhi.net/flux-panoramix/stream"
      },
      {
        "datetime": "2018-02-10T15:58:58Z",
        "uri": "http://web.archive.org/web/20180210155858/http://radio7.pro-fhi.net/flux-panoramix/stream"
      },
      {
        "datetime": "2018-02-10T16:56:00Z",
        "uri": "http://web.archive.org/web/20180210165600/http://radio7.pro-fhi.net/flux-panoramix/stream"
      },
      {
        "datetime": "2018-02-10T16:56:08Z",
        "uri": "http://web.archive.org/web/20180210165608/http://radio7.pro-fhi.net/flux-panoramix/stream"
      },
      {
        "datetime": "2018-02-10T16:57:30Z",
        "uri": "http://web.archive.org/web/20180210165730/http://radio7.pro-fhi.net/flux-panoramix/stream"
      },
      {
        "datetime": "2018-02-10T17:20:18Z",
        "uri": "http://web.archive.org/web/20180210172018/http://radio7.pro-fhi.net/flux-panoramix/stream"
      },
      {
        "datetime": "2018-02-10T21:01:56Z",
        "uri": "http://web.archive.org/web/20180210210156/http://radio7.pro-fhi.net/flux-panoramix/stream"
      },
      {
        "datetime": "2018-02-10T21:01:57Z",
        "uri": "http://web.archive.org/web/20180210210157/http://radio7.pro-fhi.net/flux-panoramix/stream"
      },
      {
        "datetime": "2018-02-10T21:02:01Z",
        "uri": "http://web.archive.org/web/20180210210201/http://radio7.pro-fhi.net/flux-panoramix/stream"
      },
      {
        "datetime": "2018-02-10T21:02:02Z",
        "uri": "http://web.archive.org/web/20180210210202/http://radio7.pro-fhi.net/flux-panoramix/stream"
      },
      {
        "datetime": "2018-02-10T21:32:13Z",
        "uri": "http://web.archive.org/web/20180210213213/http://radio7.pro-fhi.net/flux-panoramix/stream"
      },
      {
        "datetime": "2018-02-10T21:32:24Z",
        "uri": "http://web.archive.org/web/20180210213224/http://radio7.pro-fhi.net/flux-panoramix/stream"
      },
      {
        "datetime": "2018-02-10T21:33:20Z",
        "uri": "http://web.archive.org/web/20180210213320/http://radio7.pro-fhi.net/flux-panoramix/stream"
      },
      {
        "datetime": "2018-02-10T21:33:25Z",
        "uri": "http://web.archive.org/web/20180210213325/http://radio7.pro-fhi.net/flux-panoramix/stream"
      },
      {
        "datetime": "2018-02-10T21:33:28Z",
        "uri": "http://web.archive.org/web/20180210213328/http://radio7.pro-fhi.net/flux-panoramix/stream"
      },
      {
        "datetime": "2018-02-10T21:33:28Z",
        "uri": "http://web.archive.org/web/20180210213328/http://radio7.pro-fhi.net/flux-panoramix/stream"
      },
      {
        "datetime": "2018-02-11T08:52:00Z",
        "uri": "http://web.archive.org/web/20180211085200/http://radio7.pro-fhi.net/flux-panoramix/stream"
      },
      {
        "datetime": "2018-02-11T14:10:40Z",
        "uri": "http://web.archive.org/web/20180211141040/http://radio7.pro-fhi.net/flux-panoramix/stream"
      },
      {
        "datetime": "2018-02-11T14:11:57Z",
        "uri": "http://web.archive.org/web/20180211141157/http://radio7.pro-fhi.net/flux-panoramix/stream"
      },
      {
        "datetime": "2018-02-11T14:38:35Z",
        "uri": "http://web.archive.org/web/20180211143835/http://radio7.pro-fhi.net/flux-panoramix/stream"
      },
      {
        "datetime": "2018-02-11T14:59:59Z",
        "uri": "http://web.archive.org/web/20180211145959/http://radio7.pro-fhi.net/flux-panoramix/stream"
      }
    ],
    "first": {
      "datetime": "2018-02-10T15:54:08Z",
      "uri": "http://web.archive.org/web/20180210155408/http://radio7.pro-fhi.net/flux-panoramix/stream"
    },
    "last": {
      "datetime": "2018-02-11T14:59:59Z",
      "uri": "http://web.archive.org/web/20180211145959/http://radio7.pro-fhi.net/flux-panoramix/stream"
    }
  },
  "timemap_uri": {
    "link_format": "https://memgator.cs.odu.edu/timemap/link/http://radio7.pro-fhi.net/flux-panoramix/stream%0A",
    "json_format": "https://memgator.cs.odu.edu/timemap/json/http://radio7.pro-fhi.net/flux-panoramix/stream%0A",
    "cdxj_format": "https://memgator.cs.odu.edu/timemap/cdxj/http://radio7.pro-fhi.net/flux-panoramix/stream%0A"
  },
  "timegate_uri": "https://memgator.cs.odu.edu/timegate/http://radio7.pro-fhi.net/flux-panoramix/stream%0A"
}
