{
  "original_uri": "http://bit.ly/2t4gdvu%0A",
  "self": "https://memgator.cs.odu.edu/timemap/json/http://bit.ly/2t4gdvu%0A",
  "mementos": {
    "list": [
      {
        "datetime": "2017-10-03T00:34:49Z",
        "uri": "http://web.archive.org/web/20171003003449/http://bit.ly/2t4gdvu"
      },
      {
        "datetime": "2017-10-27T05:59:47Z",
        "uri": "http://web.archive.org/web/20171027055947/http://bit.ly/2t4gdvu"
      }
    ],
    "first": {
      "datetime": "2017-10-03T00:34:49Z",
      "uri": "http://web.archive.org/web/20171003003449/http://bit.ly/2t4gdvu"
    },
    "last": {
      "datetime": "2017-10-27T05:59:47Z",
      "uri": "http://web.archive.org/web/20171027055947/http://bit.ly/2t4gdvu"
    }
  },
  "timemap_uri": {
    "link_format": "https://memgator.cs.odu.edu/timemap/link/http://bit.ly/2t4gdvu%0A",
    "json_format": "https://memgator.cs.odu.edu/timemap/json/http://bit.ly/2t4gdvu%0A",
    "cdxj_format": "https://memgator.cs.odu.edu/timemap/cdxj/http://bit.ly/2t4gdvu%0A"
  },
  "timegate_uri": "https://memgator.cs.odu.edu/timegate/http://bit.ly/2t4gdvu%0A"
}
