{
  "original_uri": "https://store.boingboing.net/sales/python-bootcamp-2017-python-3%0A",
  "self": "https://memgator.cs.odu.edu/timemap/json/https://store.boingboing.net/sales/python-bootcamp-2017-python-3%0A",
  "mementos": {
    "list": [
      {
        "datetime": "2017-03-18T08:52:42Z",
        "uri": "http://web.archive.org/web/20170318085242/https://store.boingboing.net/sales/python-bootcamp-2017-python-3"
      }
    ],
    "first": {
      "datetime": "2017-03-18T08:52:42Z",
      "uri": "http://web.archive.org/web/20170318085242/https://store.boingboing.net/sales/python-bootcamp-2017-python-3"
    },
    "last": {
      "datetime": "2017-03-18T08:52:42Z",
      "uri": "http://web.archive.org/web/20170318085242/https://store.boingboing.net/sales/python-bootcamp-2017-python-3"
    }
  },
  "timemap_uri": {
    "link_format": "https://memgator.cs.odu.edu/timemap/link/https://store.boingboing.net/sales/python-bootcamp-2017-python-3%0A",
    "json_format": "https://memgator.cs.odu.edu/timemap/json/https://store.boingboing.net/sales/python-bootcamp-2017-python-3%0A",
    "cdxj_format": "https://memgator.cs.odu.edu/timemap/cdxj/https://store.boingboing.net/sales/python-bootcamp-2017-python-3%0A"
  },
  "timegate_uri": "https://memgator.cs.odu.edu/timegate/https://store.boingboing.net/sales/python-bootcamp-2017-python-3%0A"
}
