{
  "original_uri": "https://goo.gl/GrqBve%0A",
  "self": "https://memgator.cs.odu.edu/timemap/json/https://goo.gl/GrqBve%0A",
  "mementos": {
    "list": [
      {
        "datetime": "2018-01-26T14:58:35Z",
        "uri": "http://web.archive.org/web/20180126145835/https://goo.gl/GrqBve"
      }
    ],
    "first": {
      "datetime": "2018-01-26T14:58:35Z",
      "uri": "http://web.archive.org/web/20180126145835/https://goo.gl/GrqBve"
    },
    "last": {
      "datetime": "2018-01-26T14:58:35Z",
      "uri": "http://web.archive.org/web/20180126145835/https://goo.gl/GrqBve"
    }
  },
  "timemap_uri": {
    "link_format": "https://memgator.cs.odu.edu/timemap/link/https://goo.gl/GrqBve%0A",
    "json_format": "https://memgator.cs.odu.edu/timemap/json/https://goo.gl/GrqBve%0A",
    "cdxj_format": "https://memgator.cs.odu.edu/timemap/cdxj/https://goo.gl/GrqBve%0A"
  },
  "timegate_uri": "https://memgator.cs.odu.edu/timegate/https://goo.gl/GrqBve%0A"
}
