{
  "original_uri": "https://youtu.be/yq4uCWtQE24%0A",
  "self": "https://memgator.cs.odu.edu/timemap/json/https://youtu.be/yq4uCWtQE24%0A",
  "mementos": {
    "list": [
      {
        "datetime": "2014-02-15T09:32:33Z",
        "uri": "http://web.archive.org/web/20140215093233/http://youtu.be/yq4uCWtQE24"
      },
      {
        "datetime": "2014-09-20T07:24:50Z",
        "uri": "http://web.archive.org/web/20140920072450/http://youtu.be/yq4uCWtQE24"
      },
      {
        "datetime": "2015-05-30T22:12:00Z",
        "uri": "http://web.archive.org/web/20150530221200/http://youtu.be/yq4uCWtQE24"
      },
      {
        "datetime": "2015-07-06T21:28:22Z",
        "uri": "http://webarchive.loc.gov/all/20150706212822/https://youtu.be/yq4uCWtQE24"
      },
      {
        "datetime": "2015-09-12T11:08:09Z",
        "uri": "http://web.archive.org/web/20150912110809/http://youtu.be/yq4uCWtQE24"
      },
      {
        "datetime": "2017-03-16T07:17:01Z",
        "uri": "http://web.archive.org/web/20170316071701/https://youtu.be/yq4uCWtQE24"
      },
      {
        "datetime": "2018-01-09T02:08:50Z",
        "uri": "http://web.archive.org/web/20180109020850/https://youtu.be/yq4uCWtQE24"
      }
    ],
    "first": {
      "datetime": "2014-02-15T09:32:33Z",
      "uri": "http://web.archive.org/web/20140215093233/http://youtu.be/yq4uCWtQE24"
    },
    "last": {
      "datetime": "2018-01-09T02:08:50Z",
      "uri": "http://web.archive.org/web/20180109020850/https://youtu.be/yq4uCWtQE24"
    }
  },
  "timemap_uri": {
    "link_format": "https://memgator.cs.odu.edu/timemap/link/https://youtu.be/yq4uCWtQE24%0A",
    "json_format": "https://memgator.cs.odu.edu/timemap/json/https://youtu.be/yq4uCWtQE24%0A",
    "cdxj_format": "https://memgator.cs.odu.edu/timemap/cdxj/https://youtu.be/yq4uCWtQE24%0A"
  },
  "timegate_uri": "https://memgator.cs.odu.edu/timegate/https://youtu.be/yq4uCWtQE24%0A"
}
