{
  "original_uri": "https://unsupervisedmethods.com/cheat-sheet-of-machine-learning-and-python-and-math-cheat-sheets-a4afe4e791b6%0A",
  "self": "https://memgator.cs.odu.edu/timemap/json/https://unsupervisedmethods.com/cheat-sheet-of-machine-learning-and-python-and-math-cheat-sheets-a4afe4e791b6%0A",
  "mementos": {
    "list": [
      {
        "datetime": "2017-06-01T11:24:28Z",
        "uri": "http://web.archive.org/web/20170601112428/https://unsupervisedmethods.com/cheat-sheet-of-machine-learning-and-python-and-math-cheat-sheets-a4afe4e791b6"
      },
      {
        "datetime": "2017-06-01T11:35:54Z",
        "uri": "http://web.archive.org/web/20170601113554/https://unsupervisedmethods.com/cheat-sheet-of-machine-learning-and-python-and-math-cheat-sheets-a4afe4e791b6"
      },
      {
        "datetime": "2017-06-01T11:56:06Z",
        "uri": "http://web.archive.org/web/20170601115606/https://unsupervisedmethods.com/cheat-sheet-of-machine-learning-and-python-and-math-cheat-sheets-a4afe4e791b6"
      },
      {
        "datetime": "2017-06-07T17:41:53Z",
        "uri": "http://web.archive.org/web/20170607174153/https://unsupervisedmethods.com/cheat-sheet-of-machine-learning-and-python-and-math-cheat-sheets-a4afe4e791b6"
      },
      {
        "datetime": "2017-06-07T17:52:49Z",
        "uri": "http://web.archive.org/web/20170607175249/https://unsupervisedmethods.com/cheat-sheet-of-machine-learning-and-python-and-math-cheat-sheets-a4afe4e791b6"
      },
      {
        "datetime": "2017-06-07T18:12:40Z",
        "uri": "http://web.archive.org/web/20170607181240/https://unsupervisedmethods.com/cheat-sheet-of-machine-learning-and-python-and-math-cheat-sheets-a4afe4e791b6"
      },
      {
        "datetime": "2017-06-09T02:13:09Z",
        "uri": "http://web.archive.org/web/20170609021309/https://unsupervisedmethods.com/cheat-sheet-of-machine-learning-and-python-and-math-cheat-sheets-a4afe4e791b6"
      },
      {
        "datetime": "2017-06-09T02:23:42Z",
        "uri": "http://web.archive.org/web/20170609022342/https://unsupervisedmethods.com/cheat-sheet-of-machine-learning-and-python-and-math-cheat-sheets-a4afe4e791b6"
      },
      {
        "datetime": "2017-06-09T02:34:09Z",
        "uri": "http://web.archive.org/web/20170609023409/https://unsupervisedmethods.com/cheat-sheet-of-machine-learning-and-python-and-math-cheat-sheets-a4afe4e791b6"
      },
      {
        "datetime": "2017-06-09T02:54:42Z",
        "uri": "http://web.archive.org/web/20170609025442/https://unsupervisedmethods.com/cheat-sheet-of-machine-learning-and-python-and-math-cheat-sheets-a4afe4e791b6"
      },
      {
        "datetime": "2017-06-09T03:05:02Z",
        "uri": "http://web.archive.org/web/20170609030502/https://unsupervisedmethods.com/cheat-sheet-of-machine-learning-and-python-and-math-cheat-sheets-a4afe4e791b6"
      },
      {
        "datetime": "2017-06-09T03:25:19Z",
        "uri": "http://web.archive.org/web/20170609032519/https://unsupervisedmethods.com/cheat-sheet-of-machine-learning-and-python-and-math-cheat-sheets-a4afe4e791b6"
      },
      {
        "datetime": "2017-06-10T07:03:10Z",
        "uri": "http://web.archive.org/web/20170610070310/https://unsupervisedmethods.com/cheat-sheet-of-machine-learning-and-python-and-math-cheat-sheets-a4afe4e791b6"
      },
      {
        "datetime": "2017-06-10T07:14:02Z",
        "uri": "http://web.archive.org/web/20170610071402/https://unsupervisedmethods.com/cheat-sheet-of-machine-learning-and-python-and-math-cheat-sheets-a4afe4e791b6"
      },
      {
        "datetime": "2017-06-10T07:25:13Z",
        "uri": "http://web.archive.org/web/20170610072513/https://unsupervisedmethods.com/cheat-sheet-of-machine-learning-and-python-and-math-cheat-sheets-a4afe4e791b6"
      },
      {
        "datetime": "2017-06-10T07:46:02Z",
        "uri": "http://web.archive.org/web/20170610074602/https://unsupervisedmethods.com/cheat-sheet-of-machine-learning-and-python-and-math-cheat-sheets-a4afe4e791b6"
      },
      {
        "datetime": "2017-06-10T08:05:06Z",
        "uri": "http://web.archive.org/web/20170610080506/https://unsupervisedmethods.com/cheat-sheet-of-machine-learning-and-python-and-math-cheat-sheets-a4afe4e791b6"
      },
      {
        "datetime": "2017-06-10T08:23:56Z",
        "uri": "http://web.archive.org/web/20170610082356/https://unsupervisedmethods.com/cheat-sheet-of-machine-learning-and-python-and-math-cheat-sheets-a4afe4e791b6"
      },
      {
        "datetime": "2017-06-10T08:44:04Z",
        "uri": "http://web.archive.org/web/20170610084404/https://unsupervisedmethods.com/cheat-sheet-of-machine-learning-and-python-and-math-cheat-sheets-a4afe4e791b6"
      },
      {
        "datetime": "2017-07-09T15:48:22Z",
        "uri": "http://web.archive.org/web/20170709154822/https://unsupervisedmethods.com/cheat-sheet-of-machine-learning-and-python-and-math-cheat-sheets-a4afe4e791b6"
      },
      {
        "datetime": "2017-07-13T04:51:15Z",
        "uri": "http://web.archive.org/web/20170713045115/https://unsupervisedmethods.com/cheat-sheet-of-machine-learning-and-python-and-math-cheat-sheets-a4afe4e791b6"
      },
      {
        "datetime": "2017-07-29T11:58:19Z",
        "uri": "http://web.archive.org/web/20170729115819/https://unsupervisedmethods.com/cheat-sheet-of-machine-learning-and-python-and-math-cheat-sheets-a4afe4e791b6"
      },
      {
        "datetime": "2017-08-12T12:43:04Z",
        "uri": "http://web.archive.org/web/20170812124304/https://unsupervisedmethods.com/cheat-sheet-of-machine-learning-and-python-and-math-cheat-sheets-a4afe4e791b6"
      },
      {
        "datetime": "2017-09-01T11:15:33Z",
        "uri": "http://web.archive.org/web/20170901111533/https://unsupervisedmethods.com/cheat-sheet-of-machine-learning-and-python-and-math-cheat-sheets-a4afe4e791b6"
      },
      {
        "datetime": "2017-09-22T07:44:03Z",
        "uri": "http://web.archive.org/web/20170922074403/https://unsupervisedmethods.com/cheat-sheet-of-machine-learning-and-python-and-math-cheat-sheets-a4afe4e791b6"
      },
      {
        "datetime": "2017-09-22T07:57:15Z",
        "uri": "http://web.archive.org/web/20170922075715/https://unsupervisedmethods.com/cheat-sheet-of-machine-learning-and-python-and-math-cheat-sheets-a4afe4e791b6"
      },
      {
        "datetime": "2017-09-22T08:07:30Z",
        "uri": "http://web.archive.org/web/20170922080730/https://unsupervisedmethods.com/cheat-sheet-of-machine-learning-and-python-and-math-cheat-sheets-a4afe4e791b6"
      },
      {
        "datetime": "2017-09-22T08:18:30Z",
        "uri": "http://web.archive.org/web/20170922081830/https://unsupervisedmethods.com/cheat-sheet-of-machine-learning-and-python-and-math-cheat-sheets-a4afe4e791b6"
      },
      {
        "datetime": "2017-09-22T08:30:37Z",
        "uri": "http://web.archive.org/web/20170922083037/https://unsupervisedmethods.com/cheat-sheet-of-machine-learning-and-python-and-math-cheat-sheets-a4afe4e791b6"
      },
      {
        "datetime": "2017-09-30T11:31:25Z",
        "uri": "http://web.archive.org/web/20170930113125/https://unsupervisedmethods.com/cheat-sheet-of-machine-learning-and-python-and-math-cheat-sheets-a4afe4e791b6"
      },
      {
        "datetime": "2017-10-05T19:15:04Z",
        "uri": "http://web.archive.org/web/20171005191504/https://unsupervisedmethods.com/cheat-sheet-of-machine-learning-and-python-and-math-cheat-sheets-a4afe4e791b6"
      },
      {
        "datetime": "2017-10-26T01:14:35Z",
        "uri": "http://web.archive.org/web/20171026011435/https://unsupervisedmethods.com/cheat-sheet-of-machine-learning-and-python-and-math-cheat-sheets-a4afe4e791b6"
      },
      {
        "datetime": "2017-10-28T10:29:07Z",
        "uri": "http://web.archive.org/web/20171028102907/https://unsupervisedmethods.com/cheat-sheet-of-machine-learning-and-python-and-math-cheat-sheets-a4afe4e791b6"
      },
      {
        "datetime": "2017-10-28T10:41:10Z",
        "uri": "http://web.archive.org/web/20171028104110/https://unsupervisedmethods.com/cheat-sheet-of-machine-learning-and-python-and-math-cheat-sheets-a4afe4e791b6"
      },
      {
        "datetime": "2017-10-28T10:52:18Z",
        "uri": "http://web.archive.org/web/20171028105218/https://unsupervisedmethods.com/cheat-sheet-of-machine-learning-and-python-and-math-cheat-sheets-a4afe4e791b6"
      },
      {
        "datetime": "2017-10-28T11:02:44Z",
        "uri": "http://web.archive.org/web/20171028110244/https://unsupervisedmethods.com/cheat-sheet-of-machine-learning-and-python-and-math-cheat-sheets-a4afe4e791b6"
      },
      {
        "datetime": "2017-10-28T11:12:55Z",
        "uri": "http://web.archive.org/web/20171028111255/https://unsupervisedmethods.com/cheat-sheet-of-machine-learning-and-python-and-math-cheat-sheets-a4afe4e791b6"
      },
      {
        "datetime": "2017-10-28T22:39:56Z",
        "uri": "http://web.archive.org/web/20171028223956/https://unsupervisedmethods.com/cheat-sheet-of-machine-learning-and-python-and-math-cheat-sheets-a4afe4e791b6"
      },
      {
        "datetime": "2017-11-19T13:54:34Z",
        "uri": "http://web.archive.org/web/20171119135434/https://unsupervisedmethods.com/cheat-sheet-of-machine-learning-and-python-and-math-cheat-sheets-a4afe4e791b6"
      },
      {
        "datetime": "2017-12-17T05:55:00Z",
        "uri": "http://web.archive.org/web/20171217055500/https://unsupervisedmethods.com/cheat-sheet-of-machine-learning-and-python-and-math-cheat-sheets-a4afe4e791b6"
      },
      {
        "datetime": "2018-02-10T16:23:45Z",
        "uri": "http://web.archive.org/web/20180210162345/https://unsupervisedmethods.com/cheat-sheet-of-machine-learning-and-python-and-math-cheat-sheets-a4afe4e791b6"
      },
      {
        "datetime": "2018-02-11T20:36:36Z",
        "uri": "http://web.archive.org/web/20180211203636/https://unsupervisedmethods.com/cheat-sheet-of-machine-learning-and-python-and-math-cheat-sheets-a4afe4e791b6"
      }
    ],
    "first": {
      "datetime": "2017-06-01T11:24:28Z",
      "uri": "http://web.archive.org/web/20170601112428/https://unsupervisedmethods.com/cheat-sheet-of-machine-learning-and-python-and-math-cheat-sheets-a4afe4e791b6"
    },
    "last": {
      "datetime": "2018-02-11T20:36:36Z",
      "uri": "http://web.archive.org/web/20180211203636/https://unsupervisedmethods.com/cheat-sheet-of-machine-learning-and-python-and-math-cheat-sheets-a4afe4e791b6"
    }
  },
  "timemap_uri": {
    "link_format": "https://memgator.cs.odu.edu/timemap/link/https://unsupervisedmethods.com/cheat-sheet-of-machine-learning-and-python-and-math-cheat-sheets-a4afe4e791b6%0A",
    "json_format": "https://memgator.cs.odu.edu/timemap/json/https://unsupervisedmethods.com/cheat-sheet-of-machine-learning-and-python-and-math-cheat-sheets-a4afe4e791b6%0A",
    "cdxj_format": "https://memgator.cs.odu.edu/timemap/cdxj/https://unsupervisedmethods.com/cheat-sheet-of-machine-learning-and-python-and-math-cheat-sheets-a4afe4e791b6%0A"
  },
  "timegate_uri": "https://memgator.cs.odu.edu/timegate/https://unsupervisedmethods.com/cheat-sheet-of-machine-learning-and-python-and-math-cheat-sheets-a4afe4e791b6%0A"
}
